ts,o,h,l,c,v,funding,borrow,liq,depeg,oi
1769716200,2798.22,2802.87,2793.99,2799.73,1353.6273,-0.00015302,0.00005000,0.5000,0.000000,1000000
1769716500,2799.73,2804.37,2796.77,2797.53,1150.6055,-0.00015302,0.00005000,0.5000,0.000000,1000000
1769716800,2797.53,2799.18,2790.62,2793.36,2269.1425,-0.00015302,0.00005000,0.5000,0.000000,1000000
1769717100,2793.36,2800.16,2790.57,2794.59,1116.3423,-0.00015302,0.00005000,0.5000,0.000000,1000000
1769717400,2794.58,2795.76,2790.65,2791.02,1090.5037,-0.00015302,0.00005000,0.5000,0.000000,1000000
1769717700,2791.03,2804.37,2791.03,2803.36,1596.0733,-0.00015302,0.00005000,0.5000,0.000000,1000000
1769718000,2803.36,2803.36,2799.43,2800.51,701.9165,-0.00015302,0.00005000,0.5000,0.000000,1000000
1769718300,2800.50,2802.28,2795.00,2795.78,1353.2744,-0.00015302,0.00005000,0.5000,0.000000,1000000
1769718600,2795.78,2799.65,2795.54,2796.14,791.4363,-0.00015302,0.00005000,0.5000,0.000000,1000000
1769718900,2796.15,2796.15,2789.39,2793.10,1175.2650,-0.00015302,0.00005000,0.5000,0.000000,1000000
1769719200,2793.10,2801.13,2789.64,2798.37,1571.1665,-0.00015302,0.00005000,0.5000,0.000000,1000000
1769719500,2798.37,2806.56,2795.89,2801.50,1340.8514,-0.00015302,0.00005000,0.5000,0.000000,1000000
1769719800,2801.50,2812.32,2801.38,2803.75,1553.8543,-0.00015302,0.00005000,0.5000,0.000000,1000000
1769720100,2803.71,2808.70,2802.51,2805.85,2645.8856,-0.00015302,0.00005000,0.5000,0.000000,1000000
1769720400,2805.85,2817.09,2805.36,2813.15,2002.5479,-0.00015302,0.00005000,0.5000,0.000000,1000000
1769720700,2813.15,2818.65,2808.82,2818.57,1392.8031,-0.00015302,0.00005000,0.5000,0.000000,1000000
1769721000,2818.57,2819.83,2815.95,2818.20,1330.8121,-0.00015302,0.00005000,0.5000,0.000000,1000000
1769721300,2818.19,2818.19,2813.96,2817.32,1481.1175,-0.00015302,0.00005000,0.5000,0.000000,1000000
1769721600,2817.32,2817.60,2810.00,2810.93,771.4148,-0.00015302,0.00005000,0.5000,0.000000,1000000
1769721900,2810.93,2815.54,2810.06,2814.77,853.5905,-0.00015302,0.00005000,0.5000,0.000000,1000000
1769722200,2814.78,2819.83,2811.58,2813.42,1639.6036,-0.00015302,0.00005000,0.5000,0.000000,1000000
1769722500,2813.41,2819.46,2812.50,2817.31,556.2284,-0.00015302,0.00005000,0.5000,0.000000,1000000
1769722800,2817.31,2818.50,2815.86,2816.49,747.5781,-0.00015302,0.00005000,0.5000,0.000000,1000000
1769723100,2816.49,2825.10,2816.48,2822.87,1326.6417,-0.00015302,0.00005000,0.5000,0.000000,1000000
1769723400,2822.87,2822.87,2817.31,2821.04,1475.4620,-0.00015302,0.00005000,0.5000,0.000000,1000000
1769723700,2821.04,2821.04,2817.60,2819.83,935.0168,-0.00015302,0.00005000,0.5000,0.000000,1000000
1769724000,2819.83,2825.23,2819.83,2824.97,504.0769,-0.00015302,0.00005000,0.5000,0.000000,1000000
1769724300,2824.97,2825.09,2819.90,2820.15,805.5815,-0.00015302,0.00005000,0.5000,0.000000,1000000
1769724600,2820.15,2821.19,2810.55,2812.94,1490.9028,-0.00015302,0.00005000,0.5000,0.000000,1000000
1769724900,2812.94,2815.49,2811.80,2814.30,609.3070,-0.00015302,0.00005000,0.5000,0.000000,1000000
1769725200,2814.30,2814.31,2812.18,2813.71,377.1582,-0.00015302,0.00005000,0.5000,0.000000,1000000
1769725500,2813.72,2815.00,2813.15,2814.99,304.3076,-0.00015302,0.00005000,0.5000,0.000000,1000000
1769725800,2814.99,2818.02,2814.99,2815.24,431.3353,-0.00015302,0.00005000,0.5000,0.000000,1000000
1769726100,2815.23,2815.31,2811.75,2814.70,489.1581,-0.00015302,0.00005000,0.5000,0.000000,1000000
1769726400,2814.70,2817.00,2814.47,2814.84,407.7877,-0.00015302,0.00005000,0.5000,0.000000,1000000
1769726700,2814.84,2819.83,2814.84,2819.82,242.4095,-0.00015302,0.00005000,0.5000,0.000000,1000000
1769727000,2819.83,2820.77,2819.00,2820.76,321.3080,-0.00015302,0.00005000,0.5000,0.000000,1000000
1769727300,2820.77,2821.48,2818.57,2819.95,515.1001,-0.00015302,0.00005000,0.5000,0.000000,1000000
1769727600,2819.96,2823.87,2816.47,2817.12,949.2691,-0.00015302,0.00005000,0.5000,0.000000,1000000
1769727900,2817.12,2821.04,2816.38,2816.39,927.8675,-0.00015302,0.00005000,0.5000,0.000000,1000000
1769728200,2816.38,2816.51,2812.77,2814.84,760.2874,-0.00015302,0.00005000,0.5000,0.000000,1000000
1769728500,2814.84,2818.00,2814.18,2817.54,724.9528,-0.00015302,0.00005000,0.5000,0.000000,1000000
1769728800,2817.54,2820.63,2817.54,2820.30,374.4120,-0.00015302,0.00005000,0.5000,0.000000,1000000
1769729100,2820.29,2824.37,2816.40,2819.95,1292.4956,-0.00015302,0.00005000,0.5000,0.000000,1000000
1769729400,2819.95,2824.74,2819.94,2824.28,710.0683,-0.00015302,0.00005000,0.5000,0.000000,1000000
1769729700,2824.28,2827.59,2824.27,2826.95,699.6666,-0.00015302,0.00005000,0.5000,0.000000,1000000
1769730000,2826.95,2826.95,2823.37,2824.93,518.7820,-0.00015302,0.00005000,0.5000,0.000000,1000000
1769730300,2824.93,2826.78,2822.75,2826.08,394.0467,-0.00015302,0.00005000,0.5000,0.000000,1000000
1769730600,2826.07,2826.36,2822.69,2822.90,1087.0836,-0.00015302,0.00005000,0.5000,0.000000,1000000
1769730900,2822.90,2823.39,2822.59,2822.59,331.8348,-0.00015302,0.00005000,0.5000,0.000000,1000000
1769731200,2822.60,2828.65,2822.59,2828.21,641.2143,-0.00015302,0.00005000,0.5000,0.000000,1000000
1769731500,2828.21,2828.22,2824.05,2825.63,624.6757,-0.00015302,0.00005000,0.5000,0.000000,1000000
1769731800,2825.64,2826.93,2820.28,2820.43,710.9942,-0.00015302,0.00005000,0.5000,0.000000,1000000
1769732100,2820.42,2821.00,2815.50,2815.89,759.5595,-0.00015302,0.00005000,0.5000,0.000000,1000000
1769732400,2815.89,2816.89,2811.55,2812.09,790.2908,-0.00015302,0.00005000,0.5000,0.000000,1000000
1769732700,2812.10,2812.55,2802.58,2807.27,1942.1723,-0.00015302,0.00005000,0.5000,0.000000,1000000
1769733000,2807.27,2811.96,2802.58,2808.22,1864.2485,-0.00015302,0.00005000,0.5000,0.000000,1000000
1769733300,2808.22,2812.04,2807.47,2810.76,463.8614,-0.00015302,0.00005000,0.5000,0.000000,1000000
1769733600,2810.76,2815.03,2810.76,2813.15,732.3976,-0.00015302,0.00005000,0.5000,0.000000,1000000
1769733900,2813.15,2817.19,2812.44,2814.23,917.5990,-0.00015302,0.00005000,0.5000,0.000000,1000000
1769734200,2814.24,2814.24,2804.55,2805.13,1713.4538,-0.00015302,0.00005000,0.5000,0.000000,1000000
1769734500,2805.13,2807.75,2804.55,2805.00,743.7115,-0.00015302,0.00005000,0.5000,0.000000,1000000
1769734800,2805.00,2805.30,2801.68,2804.75,726.6553,-0.00015302,0.00005000,0.5000,0.000000,1000000
1769735100,2804.74,2812.85,2804.74,2811.19,1129.6752,-0.00015302,0.00005000,0.5000,0.000000,1000000
1769735400,2811.18,2811.85,2808.00,2810.76,503.5776,-0.00015302,0.00005000,0.5000,0.000000,1000000
1769735700,2810.75,2813.31,2806.44,2808.68,753.2436,-0.00015302,0.00005000,0.5000,0.000000,1000000
1769736000,2808.69,2810.76,2790.25,2802.78,3376.2661,-0.00015302,0.00005000,0.5000,0.000000,1000000
1769736300,2802.78,2809.05,2800.42,2800.60,954.7572,-0.00015302,0.00005000,0.5000,0.000000,1000000
1769736600,2800.59,2808.44,2795.47,2804.09,941.2149,-0.00015302,0.00005000,0.5000,0.000000,1000000
1769736900,2804.09,2804.43,2761.00,2775.68,8034.3296,-0.00015302,0.00005000,0.5000,0.000000,1000000
1769737200,2775.67,2781.00,2689.00,2725.25,56313.9043,-0.00015302,0.00005000,0.5000,0.000000,1000000
1769737500,2725.25,2735.88,2717.03,2729.12,12767.7767,-0.00015302,0.00005000,0.5000,0.000000,1000000
1769737800,2729.12,2749.01,2729.12,2745.38,9553.2937,-0.00015302,0.00005000,0.5000,0.000000,1000000
1769738100,2745.38,2752.15,2742.22,2747.15,5668.1722,-0.00015302,0.00005000,0.5000,0.000000,1000000
1769738400,2747.16,2751.29,2740.78,2740.78,3283.3481,-0.00015302,0.00005000,0.5000,0.000000,1000000
1769738700,2740.78,2743.35,2730.00,2731.10,5110.0725,-0.00015302,0.00005000,0.5000,0.000000,1000000
1769739000,2731.09,2738.46,2728.55,2729.63,3550.7255,-0.00015302,0.00005000,0.5000,0.000000,1000000
1769739300,2729.86,2736.23,2719.67,2724.66,6335.9740,-0.00015302,0.00005000,0.5000,0.000000,1000000
1769739600,2724.66,2726.40,2705.34,2707.79,6500.6168,-0.00015302,0.00005000,0.5000,0.000000,1000000
1769739900,2707.79,2715.90,2699.16,2715.40,5758.1963,-0.00015302,0.00005000,0.5000,0.000000,1000000
1769740200,2715.40,2720.15,2704.47,2719.55,3120.6537,-0.00015302,0.00005000,0.5000,0.000000,1000000
1769740500,2719.56,2735.94,2717.57,2732.93,4387.8330,-0.00015302,0.00005000,0.5000,0.000000,1000000
1769740800,2732.93,2746.40,2732.58,2739.41,5362.1388,-0.00015302,0.00005000,0.5000,0.000000,1000000
1769741100,2739.39,2744.96,2730.78,2731.12,4430.3518,-0.00015302,0.00005000,0.5000,0.000000,1000000
1769741400,2731.11,2732.50,2722.31,2731.03,2376.5898,-0.00015302,0.00005000,0.5000,0.000000,1000000
1769741700,2731.03,2738.10,2731.03,2736.56,2235.9902,-0.00015302,0.00005000,0.5000,0.000000,1000000
1769742000,2736.56,2745.97,2734.30,2738.26,2961.1374,-0.00015302,0.00005000,0.5000,0.000000,1000000
1769742300,2738.26,2744.96,2737.42,2741.85,2104.5415,-0.00015302,0.00005000,0.5000,0.000000,1000000
1769742600,2741.85,2748.34,2740.00,2744.14,1863.4197,-0.00015302,0.00005000,0.5000,0.000000,1000000
1769742900,2744.15,2745.91,2739.25,2743.01,1602.9253,-0.00015302,0.00005000,0.5000,0.000000,1000000
1769743200,2743.01,2744.42,2738.45,2740.30,1397.0638,-0.00015302,0.00005000,0.5000,0.000000,1000000
1769743500,2740.30,2742.99,2738.00,2738.16,937.0238,-0.00015302,0.00005000,0.5000,0.000000,1000000
1769743800,2738.16,2741.19,2734.49,2738.83,1501.3554,-0.00015302,0.00005000,0.5000,0.000000,1000000
1769744100,2738.82,2740.82,2736.07,2740.72,966.2281,-0.00015302,0.00005000,0.5000,0.000000,1000000
1769744400,2740.71,2741.19,2737.44,2740.50,1064.3678,-0.00015302,0.00005000,0.5000,0.000000,1000000
1769744700,2740.50,2741.54,2736.90,2739.15,746.3047,-0.00015302,0.00005000,0.5000,0.000000,1000000
1769745000,2739.15,2742.42,2736.68,2741.18,863.0648,-0.00015302,0.00005000,0.5000,0.000000,1000000
1769745300,2741.19,2743.51,2739.99,2741.11,1227.5129,-0.00015302,0.00005000,0.5000,0.000000,1000000
1769745600,2741.12,2746.02,2738.11,2744.95,2015.3618,-0.00015302,0.00005000,0.5000,0.000000,1000000
1769745900,2744.96,2749.88,2743.44,2749.47,2071.2786,-0.00015302,0.00005000,0.5000,0.000000,1000000
1769746200,2749.47,2758.73,2748.54,2756.63,3192.1129,-0.00015302,0.00005000,0.5000,0.000000,1000000
1769746500,2756.63,2761.02,2752.10,2760.96,1852.8111,-0.00015302,0.00005000,0.5000,0.000000,1000000
1769746800,2760.95,2774.83,2758.64,2764.24,6290.3218,-0.00015302,0.00005000,0.5000,0.000000,1000000
1769747100,2764.24,2766.39,2760.93,2762.42,852.5141,-0.00015302,0.00005000,0.5000,0.000000,1000000
1769747400,2762.42,2765.76,2760.30,2764.80,598.0180,-0.00015302,0.00005000,0.5000,0.000000,1000000
1769747700,2764.79,2766.94,2755.45,2756.48,2575.3878,-0.00015302,0.00005000,0.5000,0.000000,1000000
1769748000,2756.47,2758.73,2755.17,2757.00,1671.2263,-0.00015302,0.00005000,0.5000,0.000000,1000000
1769748300,2757.00,2760.01,2756.99,2758.18,905.4024,-0.00015302,0.00005000,0.5000,0.000000,1000000
1769748600,2758.17,2758.69,2755.68,2757.81,573.2450,-0.00015302,0.00005000,0.5000,0.000000,1000000
1769748900,2757.81,2758.28,2750.20,2752.99,1153.3766,-0.00015302,0.00005000,0.5000,0.000000,1000000
1769749200,2753.00,2755.00,2750.85,2750.85,878.7886,-0.00015302,0.00005000,0.5000,0.000000,1000000
1769749500,2750.85,2753.51,2747.84,2751.84,1350.0236,-0.00015302,0.00005000,0.5000,0.000000,1000000
1769749800,2751.84,2751.84,2747.29,2749.24,1302.5250,-0.00015302,0.00005000,0.5000,0.000000,1000000
1769750100,2749.23,2754.80,2748.85,2750.15,1140.9879,-0.00015302,0.00005000,0.5000,0.000000,1000000
1769750400,2750.16,2754.64,2750.16,2752.64,410.4924,-0.00015302,0.00005000,0.5000,0.000000,1000000
1769750700,2752.64,2760.61,2750.58,2759.25,2022.3865,-0.00015302,0.00005000,0.5000,0.000000,1000000
1769751000,2759.24,2760.60,2756.60,2756.71,901.3637,-0.00015302,0.00005000,0.5000,0.000000,1000000
1769751300,2756.71,2756.71,2753.52,2753.53,552.5662,-0.00015302,0.00005000,0.5000,0.000000,1000000
1769751600,2753.52,2753.82,2752.00,2752.01,742.1028,-0.00015302,0.00005000,0.5000,0.000000,1000000
1769751900,2752.00,2753.93,2749.41,2751.80,828.6291,-0.00015302,0.00005000,0.5000,0.000000,1000000
1769752200,2751.80,2756.27,2751.35,2753.74,987.1315,-0.00015302,0.00005000,0.5000,0.000000,1000000
1769752500,2753.74,2754.09,2747.01,2747.02,752.8014,-0.00015302,0.00005000,0.5000,0.000000,1000000
1769752800,2747.02,2748.54,2742.12,2743.83,2150.2763,-0.00015302,0.00005000,0.5000,0.000000,1000000
1769753100,2743.82,2743.84,2737.57,2742.33,3410.4549,-0.00015302,0.00005000,0.5000,0.000000,1000000
1769753400,2742.33,2743.52,2735.14,2738.21,2936.1787,-0.00015302,0.00005000,0.5000,0.000000,1000000
1769753700,2738.22,2738.22,2730.86,2731.14,1252.8321,-0.00015302,0.00005000,0.5000,0.000000,1000000
1769754000,2731.14,2736.84,2729.77,2733.42,2078.4113,-0.00015302,0.00005000,0.5000,0.000000,1000000
1769754300,2733.43,2736.62,2719.00,2722.18,3186.0071,-0.00015302,0.00005000,0.5000,0.000000,1000000
1769754600,2722.17,2723.94,2719.56,2722.13,1306.6437,-0.00015302,0.00005000,0.5000,0.000000,1000000
1769754900,2722.12,2722.12,2716.48,2718.32,1584.5070,-0.00015302,0.00005000,0.5000,0.000000,1000000
1769755200,2718.32,2719.80,2706.72,2707.15,2895.3296,-0.00015302,0.00005000,0.5000,0.000000,1000000
1769755500,2707.15,2715.42,2696.82,2714.94,6114.7843,-0.00015302,0.00005000,0.5000,0.000000,1000000
1769755800,2714.93,2724.26,2713.76,2723.16,2550.5191,-0.00015302,0.00005000,0.5000,0.000000,1000000
1769756100,2723.15,2725.07,2715.54,2718.56,1585.1822,-0.00015302,0.00005000,0.5000,0.000000,1000000
1769756400,2718.57,2724.27,2718.14,2721.94,1882.9946,-0.00015302,0.00005000,0.5000,0.000000,1000000
1769756700,2721.94,2735.58,2720.73,2734.98,2342.1956,-0.00015302,0.00005000,0.5000,0.000000,1000000
1769757000,2734.97,2750.93,2734.28,2745.81,5305.5895,-0.00015302,0.00005000,0.5000,0.000000,1000000
1769757300,2745.81,2750.00,2740.11,2745.72,2550.1104,-0.00015302,0.00005000,0.5000,0.000000,1000000
1769757600,2745.71,2745.71,2740.90,2743.20,1173.9546,-0.00015302,0.00005000,0.5000,0.000000,1000000
1769757900,2743.19,2744.96,2738.41,2738.80,1788.4344,-0.00015302,0.00005000,0.5000,0.000000,1000000
1769758200,2738.80,2739.37,2729.20,2736.95,3307.4472,-0.00015302,0.00005000,0.5000,0.000000,1000000
1769758500,2736.95,2739.11,2728.58,2729.71,3466.6557,-0.00015302,0.00005000,0.5000,0.000000,1000000
1769758800,2729.71,2732.26,2724.99,2731.02,3736.9147,-0.00015302,0.00005000,0.5000,0.000000,1000000
1769759100,2731.02,2737.89,2728.74,2736.72,4060.3462,-0.00015302,0.00005000,0.5000,0.000000,1000000
1769759400,2736.72,2744.67,2736.72,2744.16,3378.8506,-0.00015302,0.00005000,0.5000,0.000000,1000000
1769759700,2744.16,2746.55,2740.15,2740.16,3468.0695,-0.00015302,0.00005000,0.5000,0.000000,1000000
1769760000,2740.17,2743.23,2734.28,2743.22,1557.8537,-0.00015302,0.00005000,0.5000,0.000000,1000000
1769760300,2743.22,2744.26,2736.60,2741.65,1438.4932,-0.00015302,0.00005000,0.5000,0.000000,1000000
1769760600,2741.65,2745.45,2740.35,2745.44,1365.3967,-0.00015302,0.00005000,0.5000,0.000000,1000000
1769760900,2745.45,2748.41,2741.82,2746.21,1822.6738,-0.00015302,0.00005000,0.5000,0.000000,1000000
1769761200,2746.21,2748.27,2742.31,2744.55,924.0509,-0.00015302,0.00005000,0.5000,0.000000,1000000
1769761500,2744.56,2746.34,2739.43,2739.59,790.5371,-0.00015302,0.00005000,0.5000,0.000000,1000000
1769761800,2739.59,2739.59,2724.10,2725.87,2877.7576,-0.00015302,0.00005000,0.5000,0.000000,1000000
1769762100,2725.87,2731.03,2722.85,2728.19,2127.0171,-0.00015302,0.00005000,0.5000,0.000000,1000000
1769762400,2728.19,2733.66,2725.37,2733.57,1088.6818,-0.00015302,0.00005000,0.5000,0.000000,1000000
1769762700,2733.57,2739.16,2732.90,2738.11,990.4029,-0.00015302,0.00005000,0.5000,0.000000,1000000
1769763000,2738.11,2738.11,2729.85,2737.83,1762.2389,-0.00015302,0.00005000,0.5000,0.000000,1000000
1769763300,2737.83,2739.16,2735.56,2737.43,647.7022,-0.00015302,0.00005000,0.5000,0.000000,1000000
1769763600,2737.43,2743.91,2737.07,2742.64,1753.1248,-0.00015302,0.00005000,0.5000,0.000000,1000000
1769763900,2742.64,2743.70,2738.00,2738.32,523.7783,-0.00015302,0.00005000,0.5000,0.000000,1000000
1769764200,2738.32,2739.43,2731.58,2733.00,1218.0193,-0.00015302,0.00005000,0.5000,0.000000,1000000
1769764500,2733.00,2733.60,2725.59,2730.79,1791.8390,-0.00015302,0.00005000,0.5000,0.000000,1000000
1769764800,2730.78,2733.66,2727.60,2728.95,1467.7986,-0.00015302,0.00005000,0.5000,0.000000,1000000
1769765100,2728.95,2729.23,2721.36,2725.33,1977.8816,-0.00015302,0.00005000,0.5000,0.000000,1000000
1769765400,2725.34,2731.54,2725.34,2730.53,1860.6277,-0.00015302,0.00005000,0.5000,0.000000,1000000
1769765700,2730.54,2731.52,2726.78,2727.28,1414.9006,-0.00015302,0.00005000,0.5000,0.000000,1000000
1769766000,2727.28,2731.97,2726.32,2727.55,1168.4568,-0.00015302,0.00005000,0.5000,0.000000,1000000
1769766300,2727.56,2727.56,2715.44,2716.39,2747.4135,-0.00015302,0.00005000,0.5000,0.000000,1000000
1769766600,2716.40,2724.70,2710.00,2722.38,3550.9762,-0.00015302,0.00005000,0.5000,0.000000,1000000
1769766900,2722.38,2726.12,2720.01,2721.93,969.6486,-0.00015302,0.00005000,0.5000,0.000000,1000000
1769767200,2721.93,2725.47,2717.71,2717.88,1114.3346,-0.00015302,0.00005000,0.5000,0.000000,1000000
1769767500,2717.88,2720.77,2713.01,2714.72,1292.5097,-0.00015302,0.00005000,0.5000,0.000000,1000000
1769767800,2714.73,2720.11,2711.37,2719.98,987.4356,-0.00015302,0.00005000,0.5000,0.000000,1000000
1769768100,2719.98,2720.33,2712.67,2718.83,988.5411,-0.00015302,0.00005000,0.5000,0.000000,1000000
1769768400,2718.83,2728.43,2718.58,2726.90,1158.9933,-0.00015302,0.00005000,0.5000,0.000000,1000000
1769768700,2726.90,2730.49,2724.66,2727.17,1592.2817,-0.00015302,0.00005000,0.5000,0.000000,1000000
1769769000,2727.17,2729.40,2726.35,2727.94,380.6702,-0.00015302,0.00005000,0.5000,0.000000,1000000
1769769300,2727.93,2731.68,2726.12,2727.81,650.3266,-0.00015302,0.00005000,0.5000,0.000000,1000000
1769769600,2727.82,2729.00,2724.13,2727.10,575.3306,-0.00015302,0.00005000,0.5000,0.000000,1000000
1769769900,2727.11,2735.87,2726.62,2735.30,2065.9803,-0.00015302,0.00005000,0.5000,0.000000,1000000
1769770200,2735.29,2736.92,2732.05,2734.41,955.8960,-0.00015302,0.00005000,0.5000,0.000000,1000000
1769770500,2734.41,2736.30,2731.92,2736.19,704.1064,-0.00015302,0.00005000,0.5000,0.000000,1000000
1769770800,2736.19,2738.66,2734.75,2738.27,508.4083,-0.00015302,0.00005000,0.5000,0.000000,1000000
1769771100,2738.27,2739.52,2735.07,2735.08,716.7199,-0.00015302,0.00005000,0.5000,0.000000,1000000
1769771400,2735.07,2737.68,2734.57,2737.42,432.4081,-0.00015302,0.00005000,0.5000,0.000000,1000000
1769771700,2737.41,2741.50,2736.45,2739.54,1133.1759,-0.00015302,0.00005000,0.5000,0.000000,1000000
1769772000,2739.53,2741.60,2736.40,2741.07,485.5696,-0.00015302,0.00005000,0.5000,0.000000,1000000
1769772300,2741.06,2741.07,2736.69,2738.73,388.8500,-0.00015302,0.00005000,0.5000,0.000000,1000000
1769772600,2738.74,2740.99,2736.84,2739.49,656.4005,-0.00015302,0.00005000,0.5000,0.000000,1000000
1769772900,2739.49,2741.81,2736.95,2739.22,741.7729,-0.00015302,0.00005000,0.5000,0.000000,1000000
1769773200,2739.22,2746.33,2739.15,2740.21,1129.4135,-0.00015302,0.00005000,0.5000,0.000000,1000000
1769773500,2740.20,2741.15,2735.42,2736.41,594.6113,-0.00015302,0.00005000,0.5000,0.000000,1000000
1769773800,2736.41,2768.78,2736.41,2767.55,5310.6487,-0.00015302,0.00005000,0.5000,0.000000,1000000
1769774100,2767.56,2768.57,2755.68,2759.88,2876.5622,-0.00015302,0.00005000,0.5000,0.000000,1000000
1769774400,2759.87,2766.53,2758.00,2759.74,3690.9661,-0.00015302,0.00005000,0.5000,0.000000,1000000
1769774700,2759.74,2759.74,2753.35,2753.78,1102.8313,-0.00015302,0.00005000,0.5000,0.000000,1000000
1769775000,2753.78,2757.30,2751.39,2751.75,668.0632,-0.00015302,0.00005000,0.5000,0.000000,1000000
1769775300,2751.75,2755.96,2750.86,2753.36,800.2299,-0.00015302,0.00005000,0.5000,0.000000,1000000
1769775600,2753.35,2754.12,2747.45,2748.21,727.0128,-0.00015302,0.00005000,0.5000,0.000000,1000000
1769775900,2748.21,2750.41,2738.19,2743.91,2460.6446,-0.00015302,0.00005000,0.5000,0.000000,1000000
1769776200,2743.92,2747.12,2741.51,2742.97,829.1813,-0.00015302,0.00005000,0.5000,0.000000,1000000
1769776500,2742.98,2748.11,2741.59,2746.29,553.5382,-0.00015302,0.00005000,0.5000,0.000000,1000000
1769776800,2746.29,2748.14,2741.99,2741.99,592.2299,-0.00015302,0.00005000,0.5000,0.000000,1000000
1769777100,2741.99,2745.74,2739.15,2745.08,1195.5552,-0.00015302,0.00005000,0.5000,0.000000,1000000
1769777400,2745.08,2746.77,2738.07,2738.65,928.9353,-0.00015302,0.00005000,0.5000,0.000000,1000000
1769777700,2738.65,2741.63,2738.13,2740.49,502.6322,-0.00015302,0.00005000,0.5000,0.000000,1000000
1769778000,2740.49,2743.46,2732.00,2733.67,1995.1443,-0.00015302,0.00005000,0.5000,0.000000,1000000
1769778300,2733.67,2735.03,2728.25,2732.97,1084.2269,-0.00015302,0.00005000,0.5000,0.000000,1000000
1769778600,2732.96,2740.81,2732.96,2738.49,920.2632,-0.00015302,0.00005000,0.5000,0.000000,1000000
1769778900,2738.49,2740.95,2735.41,2738.80,658.4394,-0.00015302,0.00005000,0.5000,0.000000,1000000
1769779200,2738.79,2738.79,2732.85,2732.85,616.7078,-0.00015302,0.00005000,0.5000,0.000000,1000000
1769779500,2732.85,2736.85,2731.02,2736.31,1312.4268,-0.00015302,0.00005000,0.5000,0.000000,1000000
1769779800,2736.29,2740.14,2719.54,2739.04,7848.3195,-0.00015302,0.00005000,0.5000,0.000000,1000000
1769780100,2739.04,2751.24,2730.24,2733.01,3858.1066,-0.00015302,0.00005000,0.5000,0.000000,1000000
1769780400,2733.02,2738.85,2730.89,2738.07,850.8772,-0.00015302,0.00005000,0.5000,0.000000,1000000
1769780700,2738.07,2738.07,2728.04,2729.32,1020.3922,-0.00015302,0.00005000,0.5000,0.000000,1000000
1769781000,2729.33,2729.84,2723.88,2729.43,1545.5853,-0.00015302,0.00005000,0.5000,0.000000,1000000
1769781300,2729.42,2731.22,2728.06,2730.00,618.1097,-0.00015302,0.00005000,0.5000,0.000000,1000000
1769781600,2730.00,2738.26,2729.51,2736.50,1402.7447,-0.00015302,0.00005000,0.5000,0.000000,1000000
1769781900,2736.50,2742.11,2731.70,2734.77,1244.6179,-0.00015302,0.00005000,0.5000,0.000000,1000000
1769782200,2734.76,2742.72,2734.76,2736.96,1524.5449,-0.00015302,0.00005000,0.5000,0.000000,1000000
1769782500,2736.96,2739.36,2735.68,2739.16,676.0110,-0.00015302,0.00005000,0.5000,0.000000,1000000
1769782800,2739.16,2741.96,2734.62,2737.28,1548.2093,-0.00015302,0.00005000,0.5000,0.000000,1000000
1769783100,2737.28,2737.98,2731.82,2733.38,726.4774,-0.00015302,0.00005000,0.5000,0.000000,1000000
1769783400,2733.37,2750.00,2723.55,2743.71,8296.2828,-0.00015302,0.00005000,0.5000,0.000000,1000000
1769783700,2743.70,2749.86,2739.24,2747.80,3773.9652,-0.00015302,0.00005000,0.5000,0.000000,1000000
1769784000,2747.77,2763.04,2740.36,2759.50,6199.3979,-0.00015302,0.00005000,0.5000,0.000000,1000000
1769784300,2759.42,2764.82,2744.37,2752.89,3543.3533,-0.00015302,0.00005000,0.5000,0.000000,1000000
1769784600,2752.89,2756.72,2729.86,2738.31,4313.4299,-0.00015302,0.00005000,0.5000,0.000000,1000000
1769784900,2738.31,2741.12,2731.02,2737.42,1873.0765,-0.00015302,0.00005000,0.5000,0.000000,1000000
1769785200,2737.43,2743.23,2733.04,2740.26,2636.7392,-0.00015302,0.00005000,0.5000,0.000000,1000000
1769785500,2740.26,2752.49,2740.26,2748.79,3439.5288,-0.00015302,0.00005000,0.5000,0.000000,1000000
1769785800,2748.80,2752.84,2733.80,2738.04,3494.5683,-0.00015302,0.00005000,0.5000,0.000000,1000000
1769786100,2738.03,2744.96,2728.65,2731.81,3784.5210,-0.00015302,0.00005000,0.5000,0.000000,1000000
1769786400,2731.82,2732.87,2715.24,2727.27,6200.1461,-0.00015302,0.00005000,0.5000,0.000000,1000000
1769786700,2727.27,2727.63,2708.64,2710.35,6152.9334,-0.00015302,0.00005000,0.5000,0.000000,1000000
1769787000,2710.34,2722.26,2693.42,2722.19,9799.8828,-0.00015302,0.00005000,0.5000,0.000000,1000000
1769787300,2722.20,2742.00,2721.41,2733.86,6324.7700,-0.00015302,0.00005000,0.5000,0.000000,1000000
1769787600,2733.87,2744.73,2732.41,2738.34,4462.6727,-0.00015302,0.00005000,0.5000,0.000000,1000000
1769787900,2738.34,2738.67,2729.01,2730.04,1996.1068,-0.00015302,0.00005000,0.5000,0.000000,1000000
1769788200,2730.03,2736.36,2727.34,2733.59,2003.2017,-0.00015302,0.00005000,0.5000,0.000000,1000000
1769788500,2733.60,2736.02,2727.13,2729.47,1441.8025,-0.00015302,0.00005000,0.5000,0.000000,1000000
1769788800,2729.46,2732.74,2717.08,2720.54,1925.6159,-0.00015302,0.00005000,0.5000,0.000000,1000000
1769789100,2720.54,2738.01,2719.20,2733.67,2387.1817,-0.00015302,0.00005000,0.5000,0.000000,1000000
1769789400,2733.66,2737.73,2727.24,2736.52,1655.8015,-0.00015302,0.00005000,0.5000,0.000000,1000000
1769789700,2736.51,2736.68,2724.43,2731.04,1473.0821,-0.00015302,0.00005000,0.5000,0.000000,1000000
1769790000,2731.03,2731.45,2710.33,2712.72,4382.9981,-0.00015302,0.00005000,0.5000,0.000000,1000000
1769790300,2712.72,2739.77,2706.22,2733.76,6249.5214,-0.00015302,0.00005000,0.5000,0.000000,1000000
1769790600,2733.75,2738.23,2726.40,2726.63,2102.0736,-0.00015302,0.00005000,0.5000,0.000000,1000000
1769790900,2726.63,2744.55,2726.54,2735.10,3306.8684,-0.00015302,0.00005000,0.5000,0.000000,1000000
1769791200,2735.09,2742.17,2734.71,2737.75,967.6742,-0.00015302,0.00005000,0.5000,0.000000,1000000
1769791500,2737.75,2737.75,2726.58,2727.27,2694.8444,-0.00015302,0.00005000,0.5000,0.000000,1000000
1769791800,2727.27,2731.63,2724.50,2727.83,1984.0488,-0.00015302,0.00005000,0.5000,0.000000,1000000
1769792100,2727.82,2729.32,2722.43,2726.96,909.2189,-0.00015302,0.00005000,0.5000,0.000000,1000000
1769792400,2726.96,2728.19,2710.00,2713.12,4627.8186,-0.00015302,0.00005000,0.5000,0.000000,1000000
1769792700,2713.11,2715.66,2706.66,2711.81,3086.4074,-0.00015302,0.00005000,0.5000,0.000000,1000000
1769793000,2711.81,2718.98,2711.04,2712.65,2507.0387,-0.00015302,0.00005000,0.5000,0.000000,1000000
1769793300,2712.64,2723.02,2709.71,2721.98,2710.5918,-0.00015302,0.00005000,0.5000,0.000000,1000000
1769793600,2721.98,2739.06,2721.98,2735.41,5866.4884,-0.00015302,0.00005000,0.5000,0.000000,1000000
1769793900,2735.41,2740.99,2732.84,2733.65,2376.0960,-0.00015302,0.00005000,0.5000,0.000000,1000000
1769794200,2733.65,2733.86,2717.89,2721.11,3147.8161,-0.00015302,0.00005000,0.5000,0.000000,1000000
1769794500,2721.10,2728.73,2714.20,2719.23,2475.4227,-0.00015302,0.00005000,0.5000,0.000000,1000000
1769794800,2719.23,2721.78,2715.50,2721.38,1299.3788,-0.00015302,0.00005000,0.5000,0.000000,1000000
1769795100,2721.38,2725.24,2718.72,2722.54,1500.6767,-0.00015302,0.00005000,0.5000,0.000000,1000000
1769795400,2722.54,2722.54,2714.37,2715.83,2414.9211,-0.00015302,0.00005000,0.5000,0.000000,1000000
1769795700,2715.83,2720.49,2711.62,2712.53,1247.4889,-0.00015302,0.00005000,0.5000,0.000000,1000000
1769796000,2712.52,2721.73,2711.86,2717.65,1350.8611,-0.00015302,0.00005000,0.5000,0.000000,1000000
1769796300,2717.65,2720.34,2705.78,2707.76,2924.6414,-0.00015302,0.00005000,0.5000,0.000000,1000000
1769796600,2707.76,2707.77,2696.87,2701.81,4109.8767,-0.00015302,0.00005000,0.5000,0.000000,1000000
1769796900,2701.81,2702.01,2659.31,2661.82,21287.4306,-0.00015302,0.00005000,0.5000,0.000000,1000000
1769797200,2661.81,2665.28,2636.01,2651.20,20239.2073,-0.00015302,0.00005000,0.5000,0.000000,1000000
1769797500,2651.19,2681.07,2650.22,2675.85,9165.1967,-0.00015302,0.00005000,0.5000,0.000000,1000000
1769797800,2675.86,2685.81,2663.14,2668.54,4894.0812,-0.00015302,0.00005000,0.5000,0.000000,1000000
1769798100,2668.57,2677.88,2667.43,2674.69,2608.7775,-0.00015302,0.00005000,0.5000,0.000000,1000000
1769798400,2674.69,2715.00,2670.01,2714.54,11458.5484,-0.00015302,0.00005000,0.5000,0.000000,1000000
1769798700,2714.53,2737.76,2706.01,2732.71,13168.9354,-0.00015302,0.00005000,0.5000,0.000000,1000000
1769799000,2732.71,2737.99,2719.19,2737.83,5541.6731,-0.00015302,0.00005000,0.5000,0.000000,1000000
1769799300,2737.83,2750.11,2731.54,2740.27,7402.4287,-0.00015302,0.00005000,0.5000,0.000000,1000000
1769799600,2740.27,2756.69,2737.61,2750.79,7620.7887,-0.00015302,0.00005000,0.5000,0.000000,1000000
1769799900,2750.71,2753.65,2739.52,2741.33,3358.8823,-0.00015302,0.00005000,0.5000,0.000000,1000000
1769800200,2741.34,2745.08,2735.93,2741.60,2406.3784,-0.00015302,0.00005000,0.5000,0.000000,1000000
1769800500,2741.59,2754.00,2740.31,2752.14,2462.9563,-0.00015302,0.00005000,0.5000,0.000000,1000000
1769800800,2752.14,2761.46,2747.91,2752.49,3649.6151,-0.00015302,0.00005000,0.5000,0.000000,1000000
1769801100,2752.49,2756.72,2747.50,2748.47,1430.2893,-0.00015302,0.00005000,0.5000,0.000000,1000000
1769801400,2748.47,2754.18,2740.76,2753.47,3175.7675,-0.00015302,0.00005000,0.5000,0.000000,1000000
1769801700,2753.48,2758.14,2743.75,2746.21,3701.3429,-0.00015302,0.00005000,0.5000,0.000000,1000000
1769802000,2746.22,2746.22,2734.66,2741.42,2983.0957,-0.00015302,0.00005000,0.5000,0.000000,1000000
1769802300,2741.42,2745.74,2738.11,2745.73,2481.9232,-0.00015302,0.00005000,0.5000,0.000000,1000000
1769802600,2745.74,2754.82,2743.07,2749.04,2410.1516,-0.00015302,0.00005000,0.5000,0.000000,1000000
1769802900,2749.03,2753.56,2741.97,2742.40,1870.4955,-0.00015302,0.00005000,0.5000,0.000000,1000000
1769803200,2742.39,2742.87,2737.30,2738.15,3005.9025,-0.00015302,0.00005000,0.5000,0.000000,1000000
1769803500,2738.16,2738.16,2716.01,2719.57,8395.6889,-0.00015302,0.00005000,0.5000,0.000000,1000000
1769803800,2719.56,2721.28,2710.64,2719.61,2432.4058,-0.00015302,0.00005000,0.5000,0.000000,1000000
1769804100,2719.60,2725.83,2715.24,2719.79,2397.0927,-0.00015302,0.00005000,0.5000,0.000000,1000000
1769804400,2719.79,2719.79,2687.92,2697.60,10558.6518,-0.00015302,0.00005000,0.5000,0.000000,1000000
1769804700,2697.60,2707.67,2675.71,2683.31,10539.9709,-0.00015302,0.00005000,0.5000,0.000000,1000000
1769805000,2683.32,2694.02,2680.69,2687.06,6056.0220,-0.00015302,0.00005000,0.5000,0.000000,1000000
1769805300,2687.05,2698.25,2664.82,2677.42,7772.2097,-0.00015302,0.00005000,0.5000,0.000000,1000000
1769805600,2677.42,2690.36,2675.63,2685.36,3467.9043,-0.00015302,0.00005000,0.5000,0.000000,1000000
1769805900,2685.36,2693.66,2684.31,2688.03,3380.6679,-0.00015302,0.00005000,0.5000,0.000000,1000000
1769806200,2688.03,2692.53,2675.20,2686.85,4756.0126,-0.00015302,0.00005000,0.5000,0.000000,1000000
1769806500,2686.85,2688.87,2674.41,2680.72,3717.5984,-0.00015302,0.00005000,0.5000,0.000000,1000000
1769806800,2680.72,2687.20,2677.60,2685.74,2410.0567,-0.00015302,0.00005000,0.5000,0.000000,1000000
1769807100,2685.75,2695.87,2685.75,2691.37,2227.3236,-0.00015302,0.00005000,0.5000,0.000000,1000000
1769807400,2691.36,2701.21,2688.44,2697.59,1910.7154,-0.00015302,0.00005000,0.5000,0.000000,1000000
1769807700,2697.59,2715.09,2696.72,2706.53,5061.8843,-0.00015302,0.00005000,0.5000,0.000000,1000000
1769808000,2706.53,2714.03,2704.50,2704.66,1693.7299,-0.00015302,0.00005000,0.5000,0.000000,1000000
1769808300,2704.66,2707.36,2696.87,2697.92,1317.2556,-0.00015302,0.00005000,0.5000,0.000000,1000000
1769808600,2697.92,2704.08,2691.36,2702.31,2170.2863,-0.00015302,0.00005000,0.5000,0.000000,1000000
1769808900,2702.32,2703.67,2687.01,2690.24,1934.2715,-0.00015302,0.00005000,0.5000,0.000000,1000000
1769809200,2690.24,2696.95,2690.24,2695.41,984.5457,-0.00015302,0.00005000,0.5000,0.000000,1000000
1769809500,2695.41,2707.31,2695.41,2705.90,3440.2611,-0.00015302,0.00005000,0.5000,0.000000,1000000
1769809800,2705.90,2706.45,2698.77,2704.87,1612.0106,-0.00015302,0.00005000,0.5000,0.000000,1000000
1769810100,2704.86,2710.60,2701.82,2704.93,2462.5722,-0.00015302,0.00005000,0.5000,0.000000,1000000
1769810400,2704.94,2707.80,2701.16,2702.69,1160.8116,-0.00015302,0.00005000,0.5000,0.000000,1000000
1769810700,2702.70,2704.55,2696.82,2703.71,820.4976,-0.00015302,0.00005000,0.5000,0.000000,1000000
1769811000,2703.71,2707.70,2695.67,2695.77,1319.7244,-0.00015302,0.00005000,0.5000,0.000000,1000000
1769811300,2695.78,2701.04,2693.21,2695.97,1150.1054,-0.00015302,0.00005000,0.5000,0.000000,1000000
1769811600,2695.98,2700.76,2695.98,2699.17,3322.5526,-0.00015302,0.00005000,0.5000,0.000000,1000000
1769811900,2699.18,2699.66,2694.41,2694.75,781.7085,-0.00015302,0.00005000,0.5000,0.000000,1000000
1769812200,2694.76,2703.82,2694.67,2702.09,1193.2661,-0.00015302,0.00005000,0.5000,0.000000,1000000
1769812500,2702.08,2705.29,2700.66,2702.20,900.7409,-0.00015302,0.00005000,0.5000,0.000000,1000000
1769812800,2702.19,2706.09,2702.19,2702.72,446.2840,-0.00015302,0.00005000,0.5000,0.000000,1000000
1769813100,2702.73,2707.14,2700.86,2707.13,379.6445,-0.00015302,0.00005000,0.5000,0.000000,1000000
1769813400,2707.13,2707.78,2704.29,2707.77,306.4208,-0.00015302,0.00005000,0.5000,0.000000,1000000
1769813700,2707.78,2709.92,2706.25,2709.92,348.5859,-0.00015302,0.00005000,0.5000,0.000000,1000000
1769814000,2709.91,2711.86,2705.47,2706.55,489.0688,-0.00015302,0.00005000,0.5000,0.000000,1000000
1769814300,2706.54,2709.46,2700.13,2700.73,1527.3737,-0.00015302,0.00005000,0.5000,0.000000,1000000
1769814600,2700.74,2702.72,2698.00,2699.67,996.5443,-0.00015302,0.00005000,0.5000,0.000000,1000000
1769814900,2699.67,2707.19,2699.67,2705.78,460.8975,-0.00015302,0.00005000,0.5000,0.000000,1000000
1769815200,2705.78,2706.90,2703.40,2703.41,387.0813,-0.00015302,0.00005000,0.5000,0.000000,1000000
1769815500,2703.40,2704.45,2694.59,2697.24,1052.9481,-0.00015302,0.00005000,0.5000,0.000000,1000000
1769815800,2697.24,2699.14,2694.68,2697.57,341.6386,-0.00015302,0.00005000,0.5000,0.000000,1000000
1769816100,2697.57,2703.54,2696.83,2703.54,832.6230,-0.00015302,0.00005000,0.5000,0.000000,1000000
1769816400,2703.53,2708.29,2703.27,2707.73,773.4021,-0.00015302,0.00005000,0.5000,0.000000,1000000
1769816700,2707.73,2709.24,2706.13,2709.23,398.4833,-0.00015302,0.00005000,0.5000,0.000000,1000000
1769817000,2709.24,2709.51,2706.45,2706.46,447.7864,-0.00015302,0.00005000,0.5000,0.000000,1000000
1769817300,2706.45,2707.63,2705.65,2707.38,768.3306,-0.00015302,0.00005000,0.5000,0.000000,1000000
1769817600,2707.37,2707.67,2703.27,2704.79,809.1143,-0.00015302,0.00005000,0.5000,0.000000,1000000
1769817900,2704.79,2709.32,2704.72,2707.00,487.7303,-0.00015302,0.00005000,0.5000,0.000000,1000000
1769818200,2707.00,2708.90,2705.66,2708.86,398.5190,-0.00015302,0.00005000,0.5000,0.000000,1000000
1769818500,2708.86,2709.83,2707.27,2709.83,410.7115,-0.00015302,0.00005000,0.5000,0.000000,1000000
1769818800,2709.84,2710.14,2706.45,2708.85,857.4516,-0.00015302,0.00005000,0.5000,0.000000,1000000
1769819100,2708.86,2710.69,2708.50,2710.18,464.7648,-0.00015302,0.00005000,0.5000,0.000000,1000000
1769819400,2710.17,2710.38,2706.78,2708.23,601.4260,-0.00015302,0.00005000,0.5000,0.000000,1000000
1769819700,2708.23,2713.09,2707.43,2712.97,585.8861,-0.00015302,0.00005000,0.5000,0.000000,1000000
1769820000,2712.96,2714.64,2712.19,2713.93,867.3658,-0.00015302,0.00005000,0.5000,0.000000,1000000
1769820300,2713.92,2713.92,2706.88,2710.25,477.9119,-0.00015302,0.00005000,0.5000,0.000000,1000000
1769820600,2710.24,2710.24,2705.30,2708.00,637.0015,-0.00015302,0.00005000,0.5000,0.000000,1000000
1769820900,2707.99,2709.35,2705.70,2706.48,412.6628,-0.00015302,0.00005000,0.5000,0.000000,1000000
1769821200,2706.47,2709.59,2705.57,2709.01,426.1480,-0.00015302,0.00005000,0.5000,0.000000,1000000
1769821500,2709.02,2713.10,2709.02,2712.02,475.1663,-0.00015302,0.00005000,0.5000,0.000000,1000000
1769821800,2712.02,2713.32,2710.60,2712.46,266.4675,-0.00015302,0.00005000,0.5000,0.000000,1000000
1769822100,2712.46,2713.51,2710.56,2711.59,371.3006,-0.00015302,0.00005000,0.5000,0.000000,1000000
1769822400,2711.60,2714.53,2711.07,2711.81,331.3235,-0.00015302,0.00005000,0.5000,0.000000,1000000
1769822700,2711.80,2712.88,2710.00,2710.61,519.3899,-0.00015302,0.00005000,0.5000,0.000000,1000000
1769823000,2710.62,2710.62,2701.38,2704.86,1775.0951,-0.00015302,0.00005000,0.5000,0.000000,1000000
1769823300,2704.85,2705.00,2701.00,2703.40,959.4749,-0.00015302,0.00005000,0.5000,0.000000,1000000
1769823600,2703.39,2706.05,2701.49,2705.17,713.5338,-0.00015302,0.00005000,0.5000,0.000000,1000000
1769823900,2705.16,2705.19,2700.69,2703.36,1205.4410,-0.00015302,0.00005000,0.5000,0.000000,1000000
1769824200,2703.36,2704.50,2700.88,2701.69,677.9691,-0.00015302,0.00005000,0.5000,0.000000,1000000
1769824500,2701.70,2701.91,2699.13,2700.00,593.2415,-0.00015302,0.00005000,0.5000,0.000000,1000000
1769824800,2700.00,2700.00,2695.68,2696.72,1012.6074,-0.00015302,0.00005000,0.5000,0.000000,1000000
1769825100,2696.73,2697.37,2691.24,2692.61,1262.6593,-0.00015302,0.00005000,0.5000,0.000000,1000000
1769825400,2692.62,2697.22,2692.60,2696.76,1528.6888,-0.00015302,0.00005000,0.5000,0.000000,1000000
1769825700,2696.75,2696.95,2686.84,2689.63,1405.4682,-0.00015302,0.00005000,0.5000,0.000000,1000000
1769826000,2689.63,2692.00,2686.69,2686.70,473.9652,-0.00015302,0.00005000,0.5000,0.000000,1000000
1769826300,2686.70,2694.02,2684.67,2691.88,1490.9423,-0.00015302,0.00005000,0.5000,0.000000,1000000
1769826600,2691.87,2696.87,2690.35,2695.76,1008.2090,-0.00015302,0.00005000,0.5000,0.000000,1000000
1769826900,2695.75,2701.68,2695.36,2701.19,831.6726,-0.00015302,0.00005000,0.5000,0.000000,1000000
1769827200,2701.19,2708.00,2701.19,2705.71,809.4794,-0.00015302,0.00005000,0.5000,0.000000,1000000
1769827500,2705.72,2708.64,2703.78,2705.32,409.6653,-0.00015302,0.00005000,0.5000,0.000000,1000000
1769827800,2705.32,2705.66,2703.18,2705.37,327.3946,-0.00015302,0.00005000,0.5000,0.000000,1000000
1769828100,2705.37,2706.43,2701.97,2702.05,535.4857,-0.00015302,0.00005000,0.5000,0.000000,1000000
1769828400,2702.04,2704.46,2701.94,2702.62,311.5572,-0.00015302,0.00005000,0.5000,0.000000,1000000
1769828700,2702.62,2704.91,2701.00,2701.78,386.5281,-0.00015302,0.00005000,0.5000,0.000000,1000000
1769829000,2701.78,2704.74,2698.03,2703.32,576.4041,-0.00015302,0.00005000,0.5000,0.000000,1000000
1769829300,2703.32,2703.99,2701.53,2703.45,377.5702,-0.00015302,0.00005000,0.5000,0.000000,1000000
1769829600,2703.46,2706.23,2701.77,2705.79,387.0233,-0.00015302,0.00005000,0.5000,0.000000,1000000
1769829900,2705.79,2706.47,2701.62,2702.70,400.0624,-0.00015302,0.00005000,0.5000,0.000000,1000000
1769830200,2702.70,2703.27,2699.74,2700.39,533.2766,-0.00015302,0.00005000,0.5000,0.000000,1000000
1769830500,2700.38,2703.33,2696.75,2698.76,487.2510,-0.00015302,0.00005000,0.5000,0.000000,1000000
1769830800,2698.75,2700.71,2697.63,2698.98,418.4355,-0.00015302,0.00005000,0.5000,0.000000,1000000
1769831100,2698.98,2698.98,2695.23,2695.98,403.6735,-0.00015302,0.00005000,0.5000,0.000000,1000000
1769831400,2695.98,2696.69,2694.72,2695.17,542.6883,-0.00015302,0.00005000,0.5000,0.000000,1000000
1769831700,2695.17,2698.01,2695.07,2695.86,361.6677,-0.00015302,0.00005000,0.5000,0.000000,1000000
1769832000,2695.86,2699.75,2695.19,2699.39,547.4274,-0.00015302,0.00005000,0.5000,0.000000,1000000
1769832300,2699.40,2700.22,2698.00,2699.22,485.9693,-0.00015302,0.00005000,0.5000,0.000000,1000000
1769832600,2699.21,2701.49,2698.48,2701.35,476.5823,-0.00015302,0.00005000,0.5000,0.000000,1000000
1769832900,2701.36,2702.63,2699.00,2699.00,601.6913,-0.00015302,0.00005000,0.5000,0.000000,1000000
1769833200,2699.00,2704.61,2697.30,2703.96,708.3353,-0.00015302,0.00005000,0.5000,0.000000,1000000
1769833500,2703.96,2704.82,2701.86,2704.76,408.4892,-0.00015302,0.00005000,0.5000,0.000000,1000000
1769833800,2704.76,2704.76,2700.97,2702.84,306.0680,-0.00015302,0.00005000,0.5000,0.000000,1000000
1769834100,2702.83,2702.86,2700.81,2701.13,340.6727,-0.00015302,0.00005000,0.5000,0.000000,1000000
1769834400,2701.12,2701.97,2698.03,2698.09,530.8570,-0.00015302,0.00005000,0.5000,0.000000,1000000
1769834700,2698.09,2698.45,2696.26,2696.28,527.7946,-0.00015302,0.00005000,0.5000,0.000000,1000000
1769835000,2696.27,2696.78,2693.00,2694.00,496.8424,-0.00015302,0.00005000,0.5000,0.000000,1000000
1769835300,2693.99,2696.29,2693.89,2695.66,383.0473,-0.00015302,0.00005000,0.5000,0.000000,1000000
1769835600,2695.66,2695.88,2690.80,2694.54,821.8511,-0.00015302,0.00005000,0.5000,0.000000,1000000
1769835900,2694.54,2694.54,2692.20,2694.08,457.7188,-0.00015302,0.00005000,0.5000,0.000000,1000000
1769836200,2694.08,2697.12,2694.07,2697.12,512.2396,-0.00015302,0.00005000,0.5000,0.000000,1000000
1769836500,2697.12,2697.73,2694.60,2696.76,1533.0581,-0.00015302,0.00005000,0.5000,0.000000,1000000
1769836800,2696.75,2702.40,2692.21,2700.21,1290.0092,-0.00015302,0.00005000,0.5000,0.000000,1000000
1769837100,2700.20,2701.54,2698.66,2700.80,544.3268,-0.00015302,0.00005000,0.5000,0.000000,1000000
1769837400,2700.81,2703.24,2700.49,2701.12,406.0066,-0.00015302,0.00005000,0.5000,0.000000,1000000
1769837700,2701.12,2703.47,2698.92,2702.37,591.3986,-0.00015302,0.00005000,0.5000,0.000000,1000000
1769838000,2702.36,2702.37,2698.71,2698.72,419.0771,-0.00015302,0.00005000,0.5000,0.000000,1000000
1769838300,2698.71,2700.46,2696.96,2699.39,526.8219,-0.00015302,0.00005000,0.5000,0.000000,1000000
1769838600,2699.40,2700.00,2697.70,2698.97,510.2318,-0.00015302,0.00005000,0.5000,0.000000,1000000
1769838900,2698.97,2699.36,2696.98,2698.05,371.5705,-0.00015302,0.00005000,0.5000,0.000000,1000000
1769839200,2698.05,2701.00,2695.97,2695.98,455.9659,-0.00015302,0.00005000,0.5000,0.000000,1000000
1769839500,2695.97,2698.14,2693.50,2698.13,431.8648,-0.00015302,0.00005000,0.5000,0.000000,1000000
1769839800,2698.14,2698.20,2696.46,2697.86,287.3417,-0.00015302,0.00005000,0.5000,0.000000,1000000
1769840100,2697.85,2699.08,2697.36,2698.16,429.6617,-0.00015302,0.00005000,0.5000,0.000000,1000000
1769840400,2698.17,2698.93,2697.28,2698.23,472.5037,-0.00015302,0.00005000,0.5000,0.000000,1000000
1769840700,2698.24,2698.24,2684.14,2687.50,4356.4245,-0.00015302,0.00005000,0.5000,0.000000,1000000
1769841000,2687.50,2691.98,2686.28,2690.01,1245.8441,-0.00015302,0.00005000,0.5000,0.000000,1000000
1769841300,2690.00,2691.64,2687.43,2687.44,682.4384,-0.00015302,0.00005000,0.5000,0.000000,1000000
1769841600,2687.43,2691.30,2685.75,2691.30,1295.8375,-0.00015302,0.00005000,0.5000,0.000000,1000000
1769841900,2691.30,2693.32,2689.50,2689.50,1144.4841,-0.00015302,0.00005000,0.5000,0.000000,1000000
1769842200,2689.50,2693.86,2689.50,2693.10,408.7895,-0.00015302,0.00005000,0.5000,0.000000,1000000
1769842500,2693.10,2693.82,2691.60,2692.90,319.6873,-0.00015302,0.00005000,0.5000,0.000000,1000000
1769842800,2692.91,2692.91,2691.00,2692.22,358.0637,-0.00015302,0.00005000,0.5000,0.000000,1000000
1769843100,2692.22,2693.81,2690.20,2691.11,575.0717,-0.00015302,0.00005000,0.5000,0.000000,1000000
1769843400,2691.11,2693.37,2691.11,2692.97,363.9020,-0.00015302,0.00005000,0.5000,0.000000,1000000
1769843700,2692.97,2692.97,2690.29,2690.49,536.3174,-0.00015302,0.00005000,0.5000,0.000000,1000000
1769844000,2690.50,2692.11,2688.92,2691.78,669.7769,-0.00015302,0.00005000,0.5000,0.000000,1000000
1769844300,2691.78,2693.44,2690.47,2690.47,596.7091,-0.00015302,0.00005000,0.5000,0.000000,1000000
1769844600,2690.47,2690.74,2678.67,2681.12,2251.8211,-0.00015302,0.00005000,0.5000,0.000000,1000000
1769844900,2681.12,2682.88,2668.20,2671.91,2553.0068,-0.00015302,0.00005000,0.5000,0.000000,1000000
1769845200,2671.91,2676.57,2668.93,2675.04,1423.7778,-0.00015302,0.00005000,0.5000,0.000000,1000000
1769845500,2675.05,2678.72,2675.01,2677.16,806.9949,-0.00015302,0.00005000,0.5000,0.000000,1000000
1769845800,2677.16,2680.16,2677.13,2679.01,511.1361,-0.00015302,0.00005000,0.5000,0.000000,1000000
1769846100,2679.00,2680.26,2677.15,2680.06,501.7810,-0.00015302,0.00005000,0.5000,0.000000,1000000
1769846400,2680.06,2683.49,2678.07,2678.16,558.6154,-0.00015302,0.00005000,0.5000,0.000000,1000000
1769846700,2678.16,2680.25,2673.47,2675.16,673.9663,-0.00015302,0.00005000,0.5000,0.000000,1000000
1769847000,2675.16,2675.16,2666.66,2672.66,2289.7215,-0.00015302,0.00005000,0.5000,0.000000,1000000
1769847300,2672.66,2672.67,2654.02,2668.68,6548.2578,-0.00015302,0.00005000,0.5000,0.000000,1000000
1769847600,2668.68,2671.29,2666.43,2668.64,986.4234,-0.00015302,0.00005000,0.5000,0.000000,1000000
1769847900,2668.63,2669.81,2660.00,2663.68,1061.1598,-0.00015302,0.00005000,0.5000,0.000000,1000000
1769848200,2663.68,2663.95,2647.34,2652.31,5045.7551,-0.00015302,0.00005000,0.5000,0.000000,1000000
1769848500,2652.30,2652.30,2629.53,2640.42,12640.5651,-0.00015302,0.00005000,0.5000,0.000000,1000000
1769848800,2640.41,2641.56,2609.85,2631.88,25461.6064,-0.00015302,0.00005000,0.5000,0.000000,1000000
1769849100,2631.94,2635.42,2625.55,2630.47,4549.3310,-0.00015302,0.00005000,0.5000,0.000000,1000000
1769849400,2630.46,2649.86,2630.28,2645.40,4462.1681,-0.00015302,0.00005000,0.5000,0.000000,1000000
1769849700,2645.40,2648.38,2643.68,2644.03,1686.5916,-0.00015302,0.00005000,0.5000,0.000000,1000000
1769850000,2644.02,2650.97,2643.31,2647.00,1080.2832,-0.00015302,0.00005000,0.5000,0.000000,1000000
1769850300,2647.00,2651.14,2643.07,2645.90,1475.6331,-0.00015302,0.00005000,0.5000,0.000000,1000000
1769850600,2645.90,2649.68,2645.49,2645.62,1208.9863,-0.00015302,0.00005000,0.5000,0.000000,1000000
1769850900,2645.61,2646.94,2640.58,2644.45,930.6155,-0.00015302,0.00005000,0.5000,0.000000,1000000
1769851200,2644.45,2646.92,2635.05,2635.05,2372.1145,-0.00015302,0.00005000,0.5000,0.000000,1000000
1769851500,2635.05,2640.26,2633.71,2639.58,1285.2643,-0.00015302,0.00005000,0.5000,0.000000,1000000
1769851800,2639.58,2659.80,2639.58,2655.26,3792.6423,-0.00015302,0.00005000,0.5000,0.000000,1000000
1769852100,2655.34,2657.30,2648.48,2650.56,1964.0179,-0.00015302,0.00005000,0.5000,0.000000,1000000
1769852400,2650.57,2653.89,2650.49,2650.68,750.8299,-0.00015302,0.00005000,0.5000,0.000000,1000000
1769852700,2650.67,2651.00,2645.87,2646.24,1023.3161,-0.00015302,0.00005000,0.5000,0.000000,1000000
1769853000,2646.24,2651.52,2646.24,2651.52,1019.3897,-0.00015302,0.00005000,0.5000,0.000000,1000000
1769853300,2651.52,2652.74,2648.01,2648.35,452.8347,-0.00015302,0.00005000,0.5000,0.000000,1000000
1769853600,2648.35,2651.29,2642.17,2644.17,866.8658,-0.00015302,0.00005000,0.5000,0.000000,1000000
1769853900,2644.16,2646.21,2636.54,2638.64,1503.7476,-0.00015302,0.00005000,0.5000,0.000000,1000000
1769854200,2638.64,2644.88,2638.63,2643.63,1185.5821,-0.00015302,0.00005000,0.5000,0.000000,1000000
1769854500,2643.64,2645.00,2640.63,2641.53,712.6219,-0.00015302,0.00005000,0.5000,0.000000,1000000
1769854800,2641.53,2647.48,2641.53,2642.89,834.4098,-0.00015302,0.00005000,0.5000,0.000000,1000000
1769855100,2642.89,2647.93,2642.89,2646.80,444.8134,-0.00015302,0.00005000,0.5000,0.000000,1000000
1769855400,2646.80,2654.41,2646.14,2650.38,1216.8065,-0.00015302,0.00005000,0.5000,0.000000,1000000
1769855700,2650.38,2653.07,2650.25,2651.90,480.6661,-0.00015302,0.00005000,0.5000,0.000000,1000000
1769856000,2651.90,2655.60,2651.36,2655.05,558.1186,-0.00015302,0.00005000,0.5000,0.000000,1000000
1769856300,2655.05,2655.70,2651.74,2651.99,365.0694,-0.00015302,0.00005000,0.5000,0.000000,1000000
1769856600,2651.99,2653.57,2651.03,2653.30,435.2281,-0.00015302,0.00005000,0.5000,0.000000,1000000
1769856900,2653.30,2655.33,2651.22,2651.67,385.5025,-0.00015302,0.00005000,0.5000,0.000000,1000000
1769857200,2651.66,2651.67,2645.00,2645.66,1486.7625,-0.00015302,0.00005000,0.5000,0.000000,1000000
1769857500,2645.66,2646.70,2645.01,2646.56,437.4729,-0.00015302,0.00005000,0.5000,0.000000,1000000
1769857800,2646.56,2646.60,2641.85,2643.30,757.8809,-0.00015302,0.00005000,0.5000,0.000000,1000000
1769858100,2643.30,2648.45,2643.24,2647.76,327.2813,-0.00015302,0.00005000,0.5000,0.000000,1000000
1769858400,2647.76,2650.34,2647.76,2649.84,504.9962,-0.00015302,0.00005000,0.5000,0.000000,1000000
1769858700,2649.84,2650.00,2648.00,2648.35,314.0416,-0.00015302,0.00005000,0.5000,0.000000,1000000
1769859000,2648.35,2649.68,2644.72,2645.11,273.2558,-0.00015302,0.00005000,0.5000,0.000000,1000000
1769859300,2645.11,2646.64,2643.27,2644.28,797.1203,-0.00015302,0.00005000,0.5000,0.000000,1000000
1769859600,2644.29,2645.97,2639.80,2639.84,1149.9366,-0.00015302,0.00005000,0.5000,0.000000,1000000
1769859900,2639.85,2642.62,2638.21,2642.61,930.1021,-0.00015302,0.00005000,0.5000,0.000000,1000000
1769860200,2642.60,2642.63,2634.69,2639.52,2249.0413,-0.00015302,0.00005000,0.5000,0.000000,1000000
1769860500,2639.52,2641.64,2638.79,2640.72,414.1825,-0.00015302,0.00005000,0.5000,0.000000,1000000
1769860800,2640.72,2641.95,2638.88,2641.56,471.9851,-0.00015302,0.00005000,0.5000,0.000000,1000000
1769861100,2641.56,2644.43,2640.55,2642.68,550.8971,-0.00015302,0.00005000,0.5000,0.000000,1000000
1769861400,2642.68,2642.68,2628.63,2631.48,1717.5424,-0.00015302,0.00005000,0.5000,0.000000,1000000
1769861700,2631.48,2639.73,2630.42,2639.73,991.2124,-0.00015302,0.00005000,0.5000,0.000000,1000000
1769862000,2639.74,2643.29,2636.27,2638.92,1200.3652,-0.00015302,0.00005000,0.5000,0.000000,1000000
1769862300,2638.93,2640.83,2638.30,2640.05,569.1936,-0.00015302,0.00005000,0.5000,0.000000,1000000
1769862600,2640.06,2641.81,2634.62,2636.96,1187.6000,-0.00015302,0.00005000,0.5000,0.000000,1000000
1769862900,2636.96,2642.04,2630.58,2639.86,3016.7785,-0.00015302,0.00005000,0.5000,0.000000,1000000
1769863200,2639.87,2643.20,2639.87,2641.52,856.7408,-0.00015302,0.00005000,0.5000,0.000000,1000000
1769863500,2641.53,2643.45,2635.38,2637.40,736.3436,-0.00015302,0.00005000,0.5000,0.000000,1000000
1769863800,2637.41,2637.68,2630.30,2636.67,1582.3488,-0.00015302,0.00005000,0.5000,0.000000,1000000
1769864100,2636.67,2640.47,2630.01,2633.55,2960.5809,-0.00015302,0.00005000,0.5000,0.000000,1000000
1769864400,2633.55,2635.38,2629.70,2632.93,1789.0378,-0.00015302,0.00005000,0.5000,0.000000,1000000
1769864700,2632.93,2636.81,2632.52,2635.70,642.5553,-0.00015302,0.00005000,0.5000,0.000000,1000000
1769865000,2635.69,2635.69,2630.40,2632.41,1223.1742,-0.00015302,0.00005000,0.5000,0.000000,1000000
1769865300,2632.42,2636.97,2631.39,2633.15,719.2921,-0.00015302,0.00005000,0.5000,0.000000,1000000
1769865600,2633.15,2634.73,2631.20,2631.21,591.0630,-0.00015302,0.00005000,0.5000,0.000000,1000000
1769865900,2631.21,2633.36,2626.94,2630.96,1557.5164,-0.00015302,0.00005000,0.5000,0.000000,1000000
1769866200,2630.96,2632.36,2618.00,2619.62,3686.4294,-0.00015302,0.00005000,0.5000,0.000000,1000000
1769866500,2619.62,2627.13,2618.02,2621.51,2272.9951,-0.00015302,0.00005000,0.5000,0.000000,1000000
1769866800,2621.51,2627.19,2621.51,2627.19,916.3680,-0.00015302,0.00005000,0.5000,0.000000,1000000
1769867100,2627.19,2628.81,2622.65,2625.53,1087.9103,-0.00015302,0.00005000,0.5000,0.000000,1000000
1769867400,2625.53,2627.13,2622.41,2626.84,2495.1808,-0.00015302,0.00005000,0.5000,0.000000,1000000
1769867700,2626.83,2629.26,2624.48,2629.14,2366.0472,-0.00015302,0.00005000,0.5000,0.000000,1000000
1769868000,2629.14,2633.72,2626.45,2633.71,1053.1577,-0.00015302,0.00005000,0.5000,0.000000,1000000
1769868300,2633.72,2636.16,2620.00,2622.07,1949.8006,-0.00015302,0.00005000,0.5000,0.000000,1000000
1769868600,2622.07,2625.11,2600.00,2610.78,12167.2471,-0.00015302,0.00005000,0.5000,0.000000,1000000
1769868900,2610.78,2613.00,2594.12,2601.13,12186.1987,-0.00015302,0.00005000,0.5000,0.000000,1000000
1769869200,2601.13,2606.10,2575.00,2578.58,20094.7152,-0.00015302,0.00005000,0.5000,0.000000,1000000
1769869500,2578.57,2589.15,2513.58,2533.99,44342.2604,-0.00015302,0.00005000,0.5000,0.000000,1000000
1769869800,2533.97,2542.46,2510.01,2530.58,21051.7321,-0.00015302,0.00005000,0.5000,0.000000,1000000
1769870100,2530.58,2539.75,2512.00,2528.93,13630.5880,-0.00015302,0.00005000,0.5000,0.000000,1000000
1769870400,2528.92,2529.65,2519.06,2522.42,6991.9335,-0.00015302,0.00005000,0.5000,0.000000,1000000
1769870700,2522.42,2537.14,2513.33,2522.80,6835.1349,-0.00015302,0.00005000,0.5000,0.000000,1000000
1769871000,2522.80,2540.12,2518.35,2539.28,6060.5370,-0.00015302,0.00005000,0.5000,0.000000,1000000
1769871300,2539.27,2544.12,2532.97,2538.69,4835.5703,-0.00015302,0.00005000,0.5000,0.000000,1000000
1769871600,2538.69,2541.87,2526.38,2531.75,4993.5577,-0.00015302,0.00005000,0.5000,0.000000,1000000
1769871900,2531.88,2554.89,2531.88,2541.42,6515.5938,-0.00015302,0.00005000,0.5000,0.000000,1000000
1769872200,2541.41,2548.13,2537.89,2546.50,3586.4957,-0.00015302,0.00005000,0.5000,0.000000,1000000
1769872500,2546.50,2550.24,2537.74,2542.63,3930.5199,-0.00015302,0.00005000,0.5000,0.000000,1000000
1769872800,2542.63,2544.34,2537.20,2538.81,3214.8625,-0.00015302,0.00005000,0.5000,0.000000,1000000
1769873100,2538.80,2549.67,2538.14,2546.57,3083.0451,-0.00015302,0.00005000,0.5000,0.000000,1000000
1769873400,2546.57,2549.79,2540.99,2545.66,3316.7814,-0.00015302,0.00005000,0.5000,0.000000,1000000
1769873700,2545.66,2545.66,2536.29,2541.56,2866.5080,-0.00015302,0.00005000,0.5000,0.000000,1000000
1769874000,2541.57,2543.55,2540.08,2543.55,1356.5306,-0.00015302,0.00005000,0.5000,0.000000,1000000
1769874300,2543.55,2547.24,2540.56,2545.61,2022.9894,-0.00015302,0.00005000,0.5000,0.000000,1000000
1769874600,2545.61,2545.95,2538.98,2540.79,1201.5819,-0.00015302,0.00005000,0.5000,0.000000,1000000
1769874900,2540.79,2542.72,2527.27,2534.20,3733.1582,-0.00015302,0.00005000,0.5000,0.000000,1000000
1769875200,2534.20,2535.64,2528.76,2532.54,2437.7386,-0.00015302,0.00005000,0.5000,0.000000,1000000
1769875500,2532.54,2533.85,2514.19,2514.98,4655.7451,-0.00015302,0.00005000,0.5000,0.000000,1000000
1769875800,2514.99,2529.24,2514.99,2522.53,5048.9210,-0.00015302,0.00005000,0.5000,0.000000,1000000
1769876100,2522.52,2544.61,2505.00,2535.34,15283.3358,-0.00015302,0.00005000,0.5000,0.000000,1000000
1769876400,2535.35,2551.26,2530.77,2540.85,6838.5224,-0.00015302,0.00005000,0.5000,0.000000,1000000
1769876700,2540.86,2543.58,2525.15,2529.29,4062.6674,-0.00015302,0.00005000,0.5000,0.000000,1000000
1769877000,2529.30,2532.83,2524.30,2525.02,2929.4260,-0.00015302,0.00005000,0.5000,0.000000,1000000
1769877300,2525.02,2528.75,2517.30,2523.85,4751.3006,-0.00015302,0.00005000,0.5000,0.000000,1000000
1769877600,2523.85,2528.68,2520.73,2521.61,1674.4739,-0.00015302,0.00005000,0.5000,0.000000,1000000
1769877900,2521.62,2523.30,2482.00,2505.62,19948.7812,-0.00015302,0.00005000,0.5000,0.000000,1000000
1769878200,2505.62,2507.74,2482.00,2486.40,9191.2677,-0.00015302,0.00005000,0.5000,0.000000,1000000
1769878500,2486.41,2491.93,2468.06,2482.71,11754.2461,-0.00015302,0.00005000,0.5000,0.000000,1000000
1769878800,2482.71,2495.43,2482.13,2483.26,6745.5012,-0.00015302,0.00005000,0.5000,0.000000,1000000
1769879100,2483.26,2484.51,2453.58,2455.43,18947.3832,-0.00015302,0.00005000,0.5000,0.000000,1000000
1769879400,2455.43,2460.28,2370.00,2408.98,62756.3813,-0.00015302,0.00005000,0.5000,0.000000,1000000
1769879700,2408.98,2433.00,2407.28,2424.47,13909.0170,-0.00015302,0.00005000,0.5000,0.000000,1000000
1769880000,2424.48,2426.78,2411.18,2418.12,11845.1739,-0.00015302,0.00005000,0.5000,0.000000,1000000
1769880300,2418.12,2422.07,2411.77,2420.84,7948.1334,-0.00015302,0.00005000,0.5000,0.000000,1000000
1769880600,2420.83,2431.32,2385.62,2388.58,16038.7324,-0.00015302,0.00005000,0.5000,0.000000,1000000
1769880900,2388.65,2423.19,2376.00,2405.14,13737.0957,-0.00015302,0.00005000,0.5000,0.000000,1000000
1769881200,2405.15,2411.72,2395.22,2410.92,9059.3674,-0.00015302,0.00005000,0.5000,0.000000,1000000
1769881500,2410.92,2418.19,2399.22,2400.08,7787.0072,-0.00015302,0.00005000,0.5000,0.000000,1000000
1769881800,2400.08,2410.80,2394.14,2406.19,7411.7965,-0.00015302,0.00005000,0.5000,0.000000,1000000
1769882100,2406.20,2410.54,2397.46,2403.39,4330.9080,-0.00015302,0.00005000,0.5000,0.000000,1000000
1769882400,2403.39,2417.42,2401.03,2404.14,6152.2136,-0.00015302,0.00005000,0.5000,0.000000,1000000
1769882700,2404.14,2411.90,2400.00,2410.09,4907.4137,-0.00015302,0.00005000,0.5000,0.000000,1000000
1769883000,2410.09,2414.41,2402.00,2402.86,2779.7327,-0.00015302,0.00005000,0.5000,0.000000,1000000
1769883300,2402.87,2405.84,2384.51,2389.07,6755.4385,-0.00015302,0.00005000,0.5000,0.000000,1000000
1769883600,2389.08,2400.30,2376.35,2393.79,8295.2872,-0.00015302,0.00005000,0.5000,0.000000,1000000
1769883900,2393.79,2404.21,2393.24,2398.47,4832.4980,-0.00015302,0.00005000,0.5000,0.000000,1000000
1769884200,2398.46,2406.88,2390.00,2392.26,5899.2108,-0.00015302,0.00005000,0.5000,0.000000,1000000
1769884500,2392.27,2392.69,2351.27,2355.43,25079.1279,-0.00015302,0.00005000,0.5000,0.000000,1000000
1769884800,2355.42,2361.22,2250.00,2352.96,77285.9108,-0.00015302,0.00005000,0.5000,0.000000,1000000
1769885100,2352.18,2385.17,2327.40,2369.51,37996.6728,-0.00015302,0.00005000,0.5000,0.000000,1000000
1769885400,2369.51,2395.18,2359.24,2381.11,16104.6301,-0.00015302,0.00005000,0.5000,0.000000,1000000
1769885700,2381.09,2386.67,2368.47,2381.08,8302.6854,-0.00015302,0.00005000,0.5000,0.000000,1000000
1769886000,2381.07,2390.44,2373.00,2380.45,8412.6070,-0.00015302,0.00005000,0.5000,0.000000,1000000
1769886300,2380.45,2413.00,2378.55,2412.01,14278.3863,-0.00015302,0.00005000,0.5000,0.000000,1000000
1769886600,2412.01,2426.90,2404.01,2416.25,14220.6583,-0.00015302,0.00005000,0.5000,0.000000,1000000
1769886900,2416.25,2433.66,2411.65,2421.90,12155.4011,-0.00015302,0.00005000,0.5000,0.000000,1000000
1769887200,2421.90,2423.06,2403.70,2406.57,5182.1091,-0.00015302,0.00005000,0.5000,0.000000,1000000
1769887500,2406.59,2419.00,2403.26,2410.74,3406.6768,-0.00015302,0.00005000,0.5000,0.000000,1000000
1769887800,2410.73,2414.37,2382.83,2389.45,7929.6761,-0.00015302,0.00005000,0.5000,0.000000,1000000
1769888100,2389.46,2392.12,2372.37,2375.89,5994.3240,-0.00015302,0.00005000,0.5000,0.000000,1000000
1769888400,2375.90,2396.98,2374.20,2388.59,5115.6154,-0.00015302,0.00005000,0.5000,0.000000,1000000
1769888700,2388.59,2401.78,2384.09,2394.23,5273.5134,-0.00015302,0.00005000,0.5000,0.000000,1000000
1769889000,2394.23,2397.24,2386.72,2387.54,3497.5129,-0.00015302,0.00005000,0.5000,0.000000,1000000
1769889300,2387.54,2397.20,2382.76,2382.82,3662.1559,-0.00015302,0.00005000,0.5000,0.000000,1000000
1769889600,2382.83,2386.59,2373.16,2381.23,3201.6074,-0.00015302,0.00005000,0.5000,0.000000,1000000
1769889900,2381.23,2390.00,2376.89,2378.56,3283.0078,-0.00015302,0.00005000,0.5000,0.000000,1000000
1769890200,2378.55,2379.87,2365.49,2366.96,3200.7775,-0.00015302,0.00005000,0.5000,0.000000,1000000
1769890500,2366.96,2377.36,2366.31,2376.95,1985.2754,-0.00015302,0.00005000,0.5000,0.000000,1000000
1769890800,2376.95,2407.24,2373.54,2378.98,9101.6993,-0.00015302,0.00005000,0.5000,0.000000,1000000
1769891100,2378.99,2381.79,2367.38,2368.45,3042.8058,-0.00015302,0.00005000,0.5000,0.000000,1000000
1769891400,2368.45,2369.64,2359.40,2369.17,4272.1272,-0.00015302,0.00005000,0.5000,0.000000,1000000
1769891700,2369.13,2374.65,2355.24,2361.93,3876.2985,-0.00015302,0.00005000,0.5000,0.000000,1000000
1769892000,2361.93,2378.31,2359.67,2376.73,2933.0974,-0.00015302,0.00005000,0.5000,0.000000,1000000
1769892300,2376.72,2379.94,2367.03,2367.04,2576.6954,-0.00015302,0.00005000,0.5000,0.000000,1000000
1769892600,2367.03,2374.26,2364.79,2374.26,2099.4568,-0.00015302,0.00005000,0.5000,0.000000,1000000
1769892900,2374.26,2387.04,2373.67,2382.61,3424.6997,-0.00015302,0.00005000,0.5000,0.000000,1000000
1769893200,2382.60,2395.60,2373.21,2374.65,4392.1970,-0.00015302,0.00005000,0.5000,0.000000,1000000
1769893500,2374.64,2389.54,2374.64,2388.57,3592.9919,-0.00015302,0.00005000,0.5000,0.000000,1000000
1769893800,2388.57,2389.70,2383.58,2387.90,2636.5984,-0.00015302,0.00005000,0.5000,0.000000,1000000
1769894100,2387.89,2402.64,2387.03,2396.60,4097.0009,-0.00015302,0.00005000,0.5000,0.000000,1000000
1769894400,2396.60,2396.87,2381.77,2391.82,4354.2341,-0.00015302,0.00005000,0.5000,0.000000,1000000
1769894700,2391.83,2413.64,2391.83,2408.19,5148.3994,-0.00015302,0.00005000,0.5000,0.000000,1000000
1769895000,2408.19,2411.39,2396.29,2405.42,3424.2671,-0.00015302,0.00005000,0.5000,0.000000,1000000
1769895300,2405.42,2419.11,2403.50,2415.68,3546.1120,-0.00015302,0.00005000,0.5000,0.000000,1000000
1769895600,2415.68,2421.60,2407.49,2409.62,4197.9110,-0.00015302,0.00005000,0.5000,0.000000,1000000
1769895900,2409.61,2416.88,2405.64,2413.52,2632.8019,-0.00015302,0.00005000,0.5000,0.000000,1000000
1769896200,2413.52,2423.92,2412.17,2417.55,3109.0038,-0.00015302,0.00005000,0.5000,0.000000,1000000
1769896500,2417.55,2420.78,2413.28,2419.60,1748.2696,-0.00015302,0.00005000,0.5000,0.000000,1000000
1769896800,2419.60,2424.98,2414.40,2423.76,2320.3068,-0.00015302,0.00005000,0.5000,0.000000,1000000
1769897100,2423.76,2424.60,2415.24,2417.39,1548.4616,-0.00015302,0.00005000,0.5000,0.000000,1000000
1769897400,2417.39,2418.54,2409.99,2413.58,1672.5457,-0.00015302,0.00005000,0.5000,0.000000,1000000
1769897700,2413.57,2417.03,2406.34,2409.52,1589.2328,-0.00015302,0.00005000,0.5000,0.000000,1000000
1769898000,2409.51,2415.44,2408.72,2414.44,702.0570,-0.00015302,0.00005000,0.5000,0.000000,1000000
1769898300,2414.46,2419.52,2411.92,2419.52,773.3807,-0.00015302,0.00005000,0.5000,0.000000,1000000
1769898600,2419.52,2421.90,2414.15,2421.18,1977.7222,-0.00015302,0.00005000,0.5000,0.000000,1000000
1769898900,2421.18,2421.18,2412.20,2418.12,1746.1843,-0.00015302,0.00005000,0.5000,0.000000,1000000
1769899200,2418.12,2418.95,2412.00,2413.41,1190.0370,-0.00015302,0.00005000,0.5000,0.000000,1000000
1769899500,2413.41,2415.29,2410.96,2411.40,567.8627,-0.00015302,0.00005000,0.5000,0.000000,1000000
1769899800,2411.39,2416.02,2411.28,2415.23,731.8011,-0.00015302,0.00005000,0.5000,0.000000,1000000
1769900100,2415.24,2424.00,2415.24,2419.59,1148.9038,-0.00015302,0.00005000,0.5000,0.000000,1000000
1769900400,2419.58,2423.04,2416.94,2421.49,1120.2462,-0.00015302,0.00005000,0.5000,0.000000,1000000
1769900700,2421.49,2431.90,2420.02,2430.75,2872.9567,-0.00015302,0.00005000,0.5000,0.000000,1000000
1769901000,2430.76,2431.32,2418.93,2421.68,2592.3311,-0.00015302,0.00005000,0.5000,0.000000,1000000
1769901300,2421.68,2441.78,2419.00,2441.78,3279.8026,-0.00015302,0.00005000,0.5000,0.000000,1000000
1769901600,2441.06,2473.77,2434.87,2471.62,19551.3230,-0.00015302,0.00005000,0.5000,0.000000,1000000
1769901900,2471.62,2472.28,2450.73,2454.55,5292.8378,-0.00015302,0.00005000,0.5000,0.000000,1000000
1769902200,2454.55,2459.45,2446.11,2459.21,3131.7020,-0.00015302,0.00005000,0.5000,0.000000,1000000
1769902500,2459.22,2462.36,2449.58,2452.16,2596.3588,-0.00015302,0.00005000,0.5000,0.000000,1000000
1769902800,2452.16,2455.26,2444.30,2447.26,2626.0835,-0.00015302,0.00005000,0.5000,0.000000,1000000
1769903100,2447.27,2448.49,2434.45,2440.71,4335.6232,-0.00015302,0.00005000,0.5000,0.000000,1000000
1769903400,2440.70,2450.00,2440.69,2446.09,2576.9324,-0.00015302,0.00005000,0.5000,0.000000,1000000
1769903700,2446.09,2454.00,2444.00,2451.95,2417.2905,-0.00015302,0.00005000,0.5000,0.000000,1000000
1769904000,2451.96,2459.57,2446.12,2454.19,2374.9113,-0.00015302,0.00005000,0.5000,0.000000,1000000
1769904300,2454.19,2465.73,2452.31,2465.72,2578.4676,-0.00015302,0.00005000,0.5000,0.000000,1000000
1769904600,2465.73,2467.75,2457.94,2465.07,3258.5986,-0.00015302,0.00005000,0.5000,0.000000,1000000
1769904900,2465.07,2475.54,2463.39,2475.40,5046.0199,-0.00015302,0.00005000,0.5000,0.000000,1000000
1769905200,2475.39,2475.98,2460.39,2461.91,3698.8505,-0.00015302,0.00005000,0.5000,0.000000,1000000
1769905500,2461.90,2465.86,2455.04,2455.97,2733.4242,-0.00015302,0.00005000,0.5000,0.000000,1000000
1769905800,2455.97,2464.34,2455.39,2458.38,2500.0980,-0.00015302,0.00005000,0.5000,0.000000,1000000
1769906100,2458.39,2459.98,2448.00,2449.18,2227.6612,-0.00015302,0.00005000,0.5000,0.000000,1000000
1769906400,2449.19,2454.54,2448.31,2450.04,1969.7335,-0.00015302,0.00005000,0.5000,0.000000,1000000
1769906700,2450.04,2456.59,2448.95,2455.77,1964.9119,-0.00015302,0.00005000,0.5000,0.000000,1000000
1769907000,2455.76,2459.21,2454.03,2456.94,2181.7177,-0.00015302,0.00005000,0.5000,0.000000,1000000
1769907300,2456.94,2458.22,2449.68,2452.18,1461.6814,-0.00015302,0.00005000,0.5000,0.000000,1000000
1769907600,2452.18,2455.61,2443.09,2444.56,2146.1880,-0.00015302,0.00005000,0.5000,0.000000,1000000
1769907900,2444.56,2444.66,2432.31,2434.68,4444.4181,-0.00015302,0.00005000,0.5000,0.000000,1000000
1769908200,2434.68,2441.20,2433.24,2440.96,2924.8691,-0.00015302,0.00005000,0.5000,0.000000,1000000
1769908500,2440.96,2440.97,2429.15,2431.76,2936.2575,-0.00015302,0.00005000,0.5000,0.000000,1000000
1769908800,2431.76,2441.16,2430.49,2440.74,2251.9304,-0.00015302,0.00005000,0.5000,0.000000,1000000
1769909100,2440.74,2454.00,2438.33,2452.51,2103.8301,-0.00015302,0.00005000,0.5000,0.000000,1000000
1769909400,2452.51,2453.00,2442.30,2446.53,2258.8488,-0.00015302,0.00005000,0.5000,0.000000,1000000
1769909700,2446.53,2446.96,2437.62,2437.62,1396.8346,-0.00015302,0.00005000,0.5000,0.000000,1000000
1769910000,2437.63,2440.94,2435.00,2436.94,1239.1350,-0.00015302,0.00005000,0.5000,0.000000,1000000
1769910300,2436.95,2444.10,2435.87,2444.10,1181.5038,-0.00015302,0.00005000,0.5000,0.000000,1000000
1769910600,2444.09,2446.06,2442.96,2444.39,946.9905,-0.00015302,0.00005000,0.5000,0.000000,1000000
1769910900,2444.38,2447.17,2443.11,2444.70,1216.0021,-0.00015302,0.00005000,0.5000,0.000000,1000000
1769911200,2444.70,2449.15,2440.24,2440.87,1957.6447,-0.00015302,0.00005000,0.5000,0.000000,1000000
1769911500,2440.88,2450.00,2440.87,2450.00,924.1198,-0.00015302,0.00005000,0.5000,0.000000,1000000
1769911800,2449.99,2458.19,2449.44,2456.77,1410.4573,-0.00015302,0.00005000,0.5000,0.000000,1000000
1769912100,2456.76,2458.28,2451.24,2453.99,931.5450,-0.00015302,0.00005000,0.5000,0.000000,1000000
1769912400,2453.98,2454.40,2444.17,2444.70,1457.5444,-0.00015302,0.00005000,0.5000,0.000000,1000000
1769912700,2444.70,2449.09,2444.39,2446.26,1358.6357,-0.00015302,0.00005000,0.5000,0.000000,1000000
1769913000,2446.26,2450.47,2445.98,2450.27,1322.7753,-0.00015302,0.00005000,0.5000,0.000000,1000000
1769913300,2450.27,2455.20,2450.00,2453.30,1572.5986,-0.00015302,0.00005000,0.5000,0.000000,1000000
1769913600,2453.30,2454.77,2449.39,2451.57,1519.2285,-0.00015302,0.00005000,0.5000,0.000000,1000000
1769913900,2451.57,2460.20,2451.41,2457.23,3350.8949,-0.00015302,0.00005000,0.5000,0.000000,1000000
1769914200,2457.23,2459.18,2453.40,2459.17,1394.2541,-0.00015302,0.00005000,0.5000,0.000000,1000000
1769914500,2459.17,2461.81,2452.37,2452.61,1394.0795,-0.00015302,0.00005000,0.5000,0.000000,1000000
1769914800,2452.61,2456.62,2448.38,2448.53,1428.3668,-0.00015302,0.00005000,0.5000,0.000000,1000000
1769915100,2448.53,2450.33,2446.53,2449.97,1424.8018,-0.00015302,0.00005000,0.5000,0.000000,1000000
1769915400,2449.98,2451.92,2448.36,2449.55,1666.1281,-0.00015302,0.00005000,0.5000,0.000000,1000000
1769915700,2449.56,2450.88,2440.75,2440.75,1804.4535,-0.00015302,0.00005000,0.5000,0.000000,1000000
1769916000,2440.74,2444.35,2438.13,2441.46,1395.7934,-0.00015302,0.00005000,0.5000,0.000000,1000000
1769916300,2441.46,2445.00,2440.34,2443.11,1272.8629,-0.00015302,0.00005000,0.5000,0.000000,1000000
1769916600,2443.11,2446.02,2440.53,2443.39,1508.4899,-0.00015302,0.00005000,0.5000,0.000000,1000000
1769916900,2443.39,2443.39,2438.50,2442.20,1260.6394,-0.00015302,0.00005000,0.5000,0.000000,1000000
1769917200,2442.19,2446.39,2439.24,2440.97,1484.8367,-0.00015302,0.00005000,0.5000,0.000000,1000000
1769917500,2440.97,2444.43,2440.66,2444.42,1369.9688,-0.00015302,0.00005000,0.5000,0.000000,1000000
1769917800,2444.42,2445.45,2440.76,2441.91,1440.9108,-0.00015302,0.00005000,0.5000,0.000000,1000000
1769918100,2441.91,2445.86,2440.84,2445.46,1292.3239,-0.00015302,0.00005000,0.5000,0.000000,1000000
1769918400,2445.46,2445.85,2442.67,2442.67,1230.5304,-0.00015302,0.00005000,0.5000,0.000000,1000000
1769918700,2442.68,2445.45,2441.52,2444.22,1462.4542,-0.00015302,0.00005000,0.5000,0.000000,1000000
1769919000,2444.22,2453.66,2444.10,2452.11,1920.4086,-0.00015302,0.00005000,0.5000,0.000000,1000000
1769919300,2452.10,2454.66,2449.27,2453.04,1539.1834,-0.00015302,0.00005000,0.5000,0.000000,1000000
1769919600,2453.04,2453.82,2449.45,2450.07,1247.6819,-0.00015302,0.00005000,0.5000,0.000000,1000000
1769919900,2450.08,2450.08,2445.96,2448.22,1252.1937,-0.00015302,0.00005000,0.5000,0.000000,1000000
1769920200,2448.21,2452.42,2447.40,2448.87,1210.1058,-0.00015302,0.00005000,0.5000,0.000000,1000000
1769920500,2448.88,2453.00,2447.85,2452.13,964.1557,-0.00015302,0.00005000,0.5000,0.000000,1000000
1769920800,2452.13,2453.29,2450.00,2452.66,832.6628,-0.00015302,0.00005000,0.5000,0.000000,1000000
1769921100,2452.66,2454.25,2450.96,2451.98,960.9744,-0.00015302,0.00005000,0.5000,0.000000,1000000
1769921400,2451.97,2452.43,2450.90,2451.33,1023.6147,-0.00015302,0.00005000,0.5000,0.000000,1000000
1769921700,2451.33,2451.82,2448.11,2448.23,868.1772,-0.00015302,0.00005000,0.5000,0.000000,1000000
1769922000,2448.23,2449.44,2438.26,2440.75,4527.1226,-0.00015302,0.00005000,0.5000,0.000000,1000000
1769922300,2440.75,2443.80,2435.42,2437.30,1785.0889,-0.00015302,0.00005000,0.5000,0.000000,1000000
1769922600,2437.30,2442.62,2437.08,2441.03,1738.2844,-0.00015302,0.00005000,0.5000,0.000000,1000000
1769922900,2441.02,2443.66,2440.39,2442.34,3208.2379,-0.00015302,0.00005000,0.5000,0.000000,1000000
1769923200,2442.33,2445.46,2435.81,2444.66,1479.7088,-0.00015302,0.00005000,0.5000,0.000000,1000000
1769923500,2444.66,2448.80,2442.86,2447.40,1769.3303,-0.00015302,0.00005000,0.5000,0.000000,1000000
1769923800,2447.40,2448.15,2443.25,2444.16,1257.3980,-0.00015302,0.00005000,0.5000,0.000000,1000000
1769924100,2444.16,2444.91,2434.68,2435.41,1779.8221,-0.00015302,0.00005000,0.5000,0.000000,1000000
1769924400,2435.41,2438.50,2424.56,2427.11,4011.0969,-0.00015302,0.00005000,0.5000,0.000000,1000000
1769924700,2427.11,2431.44,2425.21,2427.17,2397.2848,-0.00015302,0.00005000,0.5000,0.000000,1000000
1769925000,2427.17,2431.04,2426.58,2429.66,2219.2754,-0.00015302,0.00005000,0.5000,0.000000,1000000
1769925300,2429.65,2432.31,2428.95,2430.51,1192.0235,-0.00015302,0.00005000,0.5000,0.000000,1000000
1769925600,2430.52,2434.94,2430.51,2431.57,1503.9431,-0.00015302,0.00005000,0.5000,0.000000,1000000
1769925900,2431.58,2438.13,2431.22,2436.64,1447.2318,-0.00015302,0.00005000,0.5000,0.000000,1000000
1769926200,2436.63,2438.22,2435.42,2437.56,1366.0486,-0.00015302,0.00005000,0.5000,0.000000,1000000
1769926500,2437.56,2437.87,2434.96,2434.96,1382.0928,-0.00015302,0.00005000,0.5000,0.000000,1000000
1769926800,2434.97,2440.00,2434.65,2437.01,1897.3915,-0.00015302,0.00005000,0.5000,0.000000,1000000
1769927100,2437.02,2439.63,2433.29,2433.47,1733.7203,-0.00015302,0.00005000,0.5000,0.000000,1000000
1769927400,2433.48,2436.48,2427.75,2427.98,7031.1332,-0.00015302,0.00005000,0.5000,0.000000,1000000
1769927700,2427.98,2428.62,2408.17,2415.80,8726.7561,-0.00015302,0.00005000,0.5000,0.000000,1000000
1769928000,2415.81,2422.16,2415.81,2419.09,4304.3163,-0.00015302,0.00005000,0.5000,0.000000,1000000
1769928300,2419.09,2419.09,2411.01,2418.40,4173.1946,-0.00015302,0.00005000,0.5000,0.000000,1000000
1769928600,2418.40,2422.94,2418.40,2422.17,2940.8866,-0.00015302,0.00005000,0.5000,0.000000,1000000
1769928900,2422.17,2423.21,2418.19,2418.65,2890.0940,-0.00015302,0.00005000,0.5000,0.000000,1000000
1769929200,2418.66,2419.36,2409.25,2411.27,3427.0360,-0.00015302,0.00005000,0.5000,0.000000,1000000
1769929500,2411.27,2415.00,2403.32,2412.82,5594.0740,-0.00015302,0.00005000,0.5000,0.000000,1000000
1769929800,2412.83,2416.68,2397.24,2399.47,6373.0424,-0.00015302,0.00005000,0.5000,0.000000,1000000
1769930100,2399.47,2405.58,2393.46,2394.12,4823.5834,-0.00015302,0.00005000,0.5000,0.000000,1000000
1769930400,2394.11,2401.15,2393.59,2400.51,3521.3541,-0.00015302,0.00005000,0.5000,0.000000,1000000
1769930700,2400.51,2408.60,2399.99,2407.30,1635.7734,-0.00015302,0.00005000,0.5000,0.000000,1000000
1769931000,2407.31,2412.00,2405.07,2408.39,1997.3587,-0.00015302,0.00005000,0.5000,0.000000,1000000
1769931300,2408.40,2418.36,2408.39,2415.96,2410.3446,-0.00015302,0.00005000,0.5000,0.000000,1000000
1769931600,2415.95,2438.79,2415.95,2430.90,5229.6000,-0.00015302,0.00005000,0.5000,0.000000,1000000
1769931900,2430.90,2431.46,2423.25,2424.23,2345.2650,-0.00015302,0.00005000,0.5000,0.000000,1000000
1769932200,2424.22,2425.59,2417.99,2418.11,1638.5324,-0.00015302,0.00005000,0.5000,0.000000,1000000
1769932500,2418.10,2420.10,2410.15,2411.22,2364.6267,-0.00015302,0.00005000,0.5000,0.000000,1000000
1769932800,2411.22,2416.45,2410.69,2411.79,2102.4277,-0.00015302,0.00005000,0.5000,0.000000,1000000
1769933100,2411.79,2413.36,2409.38,2412.21,830.3693,-0.00015302,0.00005000,0.5000,0.000000,1000000
1769933400,2412.21,2417.56,2412.20,2412.57,1105.4639,-0.00015302,0.00005000,0.5000,0.000000,1000000
1769933700,2412.58,2414.05,2403.46,2408.43,2316.5814,-0.00015302,0.00005000,0.5000,0.000000,1000000
1769934000,2408.43,2410.86,2398.62,2407.12,3573.3891,-0.00015302,0.00005000,0.5000,0.000000,1000000
1769934300,2407.13,2408.04,2396.57,2404.57,5252.2805,-0.00015302,0.00005000,0.5000,0.000000,1000000
1769934600,2404.57,2407.41,2403.21,2407.39,1581.4641,-0.00015302,0.00005000,0.5000,0.000000,1000000
1769934900,2407.40,2428.37,2407.39,2425.24,3561.1450,-0.00015302,0.00005000,0.5000,0.000000,1000000
1769935200,2425.23,2426.89,2422.35,2426.01,1189.3217,-0.00015302,0.00005000,0.5000,0.000000,1000000
1769935500,2426.02,2426.02,2415.24,2415.33,2653.8873,-0.00015302,0.00005000,0.5000,0.000000,1000000
1769935800,2415.34,2418.41,2412.68,2413.36,1540.7421,-0.00015302,0.00005000,0.5000,0.000000,1000000
1769936100,2413.36,2414.91,2412.02,2412.95,1080.1874,-0.00015302,0.00005000,0.5000,0.000000,1000000
1769936400,2412.95,2416.19,2406.63,2415.39,1524.1538,-0.00015302,0.00005000,0.5000,0.000000,1000000
1769936700,2415.39,2420.84,2414.77,2418.27,1206.3305,-0.00015302,0.00005000,0.5000,0.000000,1000000
1769937000,2418.27,2419.30,2416.35,2417.50,569.1442,-0.00015302,0.00005000,0.5000,0.000000,1000000
1769937300,2417.51,2418.32,2413.58,2415.00,1819.4329,-0.00015302,0.00005000,0.5000,0.000000,1000000
1769937600,2415.00,2417.71,2411.52,2414.64,941.7024,-0.00015302,0.00005000,0.5000,0.000000,1000000
1769937900,2414.64,2415.77,2410.10,2413.43,500.6491,-0.00015302,0.00005000,0.5000,0.000000,1000000
1769938200,2413.44,2421.24,2413.09,2421.02,1039.3578,-0.00015302,0.00005000,0.5000,0.000000,1000000
1769938500,2421.02,2427.15,2419.43,2423.77,1445.5938,-0.00015302,0.00005000,0.5000,0.000000,1000000
1769938800,2423.77,2428.96,2422.52,2426.70,974.6260,-0.00015302,0.00005000,0.5000,0.000000,1000000
1769939100,2426.70,2427.61,2421.69,2423.47,686.1569,-0.00015302,0.00005000,0.5000,0.000000,1000000
1769939400,2423.48,2425.80,2423.06,2425.51,442.1277,-0.00015302,0.00005000,0.5000,0.000000,1000000
1769939700,2425.51,2438.22,2424.09,2432.23,1927.6046,-0.00015302,0.00005000,0.5000,0.000000,1000000
1769940000,2432.23,2432.69,2427.63,2428.47,1103.0694,-0.00015302,0.00005000,0.5000,0.000000,1000000
1769940300,2428.46,2432.91,2426.81,2430.76,1138.9223,-0.00015302,0.00005000,0.5000,0.000000,1000000
1769940600,2430.76,2438.98,2430.08,2437.74,1587.7759,-0.00015302,0.00005000,0.5000,0.000000,1000000
1769940900,2437.74,2437.74,2426.85,2427.79,1612.8731,-0.00015302,0.00005000,0.5000,0.000000,1000000
1769941200,2427.78,2429.63,2427.15,2429.42,1043.5976,-0.00015302,0.00005000,0.5000,0.000000,1000000
1769941500,2429.42,2431.32,2428.91,2429.80,1373.5331,-0.00015302,0.00005000,0.5000,0.000000,1000000
1769941800,2429.79,2431.01,2400.04,2408.12,6117.7645,-0.00015302,0.00005000,0.5000,0.000000,1000000
1769942100,2408.12,2409.30,2386.66,2393.01,7356.3631,-0.00015302,0.00005000,0.5000,0.000000,1000000
1769942400,2393.01,2395.80,2385.73,2386.00,3984.3122,-0.00015302,0.00005000,0.5000,0.000000,1000000
1769942700,2386.00,2394.08,2384.02,2393.49,2941.9279,-0.00015302,0.00005000,0.5000,0.000000,1000000
1769943000,2393.48,2395.13,2383.65,2384.74,3000.9164,-0.00015302,0.00005000,0.5000,0.000000,1000000
1769943300,2384.75,2386.87,2376.10,2381.03,4689.3133,-0.00015302,0.00005000,0.5000,0.000000,1000000
1769943600,2381.04,2389.90,2381.03,2387.94,2682.2289,-0.00015302,0.00005000,0.5000,0.000000,1000000
1769943900,2387.93,2392.37,2383.67,2392.31,1723.2425,-0.00015302,0.00005000,0.5000,0.000000,1000000
1769944200,2392.32,2394.04,2389.82,2393.55,1222.2054,-0.00015302,0.00005000,0.5000,0.000000,1000000
1769944500,2393.55,2393.55,2383.73,2389.07,1948.0032,-0.00015302,0.00005000,0.5000,0.000000,1000000
1769944800,2389.06,2391.24,2387.14,2387.15,999.9425,-0.00015302,0.00005000,0.5000,0.000000,1000000
1769945100,2387.14,2389.94,2385.81,2387.37,1327.3482,-0.00015302,0.00005000,0.5000,0.000000,1000000
1769945400,2387.38,2393.00,2387.38,2392.99,1308.0729,-0.00015302,0.00005000,0.5000,0.000000,1000000
1769945700,2392.99,2407.08,2392.99,2405.86,2924.1973,-0.00015302,0.00005000,0.5000,0.000000,1000000
1769946000,2405.86,2423.90,2404.43,2420.12,4878.0748,-0.00015302,0.00005000,0.5000,0.000000,1000000
1769946300,2420.12,2422.56,2411.71,2412.69,2831.5668,-0.00015302,0.00005000,0.5000,0.000000,1000000
1769946600,2412.69,2414.27,2410.47,2410.65,983.1098,-0.00015302,0.00005000,0.5000,0.000000,1000000
1769946900,2410.66,2412.32,2409.32,2411.86,1188.0139,-0.00015302,0.00005000,0.5000,0.000000,1000000
1769947200,2411.86,2412.47,2407.18,2407.76,1318.5803,-0.00015302,0.00005000,0.5000,0.000000,1000000
1769947500,2407.77,2410.75,2405.64,2407.92,833.7303,-0.00015302,0.00005000,0.5000,0.000000,1000000
1769947800,2407.92,2409.88,2406.33,2406.87,925.7710,-0.00015302,0.00005000,0.5000,0.000000,1000000
1769948100,2406.88,2406.88,2397.49,2403.24,2518.2115,-0.00015302,0.00005000,0.5000,0.000000,1000000
1769948400,2403.24,2403.69,2365.00,2388.24,16886.1792,-0.00015302,0.00005000,0.5000,0.000000,1000000
1769948700,2388.24,2394.38,2388.23,2394.37,2128.9871,-0.00015302,0.00005000,0.5000,0.000000,1000000
1769949000,2394.37,2398.10,2393.64,2396.49,1609.1362,-0.00015302,0.00005000,0.5000,0.000000,1000000
1769949300,2396.50,2408.75,2396.49,2399.95,4660.0953,-0.00015302,0.00005000,0.5000,0.000000,1000000
1769949600,2399.94,2403.78,2392.28,2392.99,2855.2120,-0.00015302,0.00005000,0.5000,0.000000,1000000
1769949900,2393.00,2397.41,2393.00,2397.07,573.8500,-0.00015302,0.00005000,0.5000,0.000000,1000000
1769950200,2397.06,2398.21,2394.89,2394.89,295.1790,-0.00015302,0.00005000,0.5000,0.000000,1000000
1769950500,2394.90,2398.78,2394.54,2396.02,607.3829,-0.00015302,0.00005000,0.5000,0.000000,1000000
1769950800,2396.01,2409.00,2396.01,2403.59,1616.6004,-0.00015302,0.00005000,0.5000,0.000000,1000000
1769951100,2403.57,2405.06,2402.38,2404.09,969.1446,-0.00015302,0.00005000,0.5000,0.000000,1000000
1769951400,2404.09,2410.53,2403.44,2405.63,1048.0119,-0.00015302,0.00005000,0.5000,0.000000,1000000
1769951700,2405.63,2406.41,2402.04,2405.91,680.0717,-0.00015302,0.00005000,0.5000,0.000000,1000000
1769952000,2405.90,2409.85,2400.58,2400.92,671.5554,-0.00015302,0.00005000,0.5000,0.000000,1000000
1769952300,2400.91,2401.63,2398.01,2399.60,604.0257,-0.00015302,0.00005000,0.5000,0.000000,1000000
1769952600,2399.59,2401.93,2399.31,2400.04,716.8931,-0.00015302,0.00005000,0.5000,0.000000,1000000
1769952900,2400.16,2400.68,2390.40,2390.41,2169.6350,-0.00015302,0.00005000,0.5000,0.000000,1000000
1769953200,2390.41,2393.41,2387.33,2393.35,1364.7448,-0.00015302,0.00005000,0.5000,0.000000,1000000
1769953500,2393.35,2395.95,2387.67,2388.44,728.2310,-0.00015302,0.00005000,0.5000,0.000000,1000000
1769953800,2388.43,2388.43,2376.93,2379.34,2823.2399,-0.00015302,0.00005000,0.5000,0.000000,1000000
1769954100,2379.34,2381.60,2370.10,2381.13,3282.8926,-0.00015302,0.00005000,0.5000,0.000000,1000000
1769954400,2381.13,2381.16,2372.55,2378.54,1634.1738,-0.00015302,0.00005000,0.5000,0.000000,1000000
1769954700,2378.55,2389.57,2378.18,2382.42,1867.0417,-0.00015302,0.00005000,0.5000,0.000000,1000000
1769955000,2382.43,2382.51,2373.52,2377.44,2336.4380,-0.00015302,0.00005000,0.5000,0.000000,1000000
1769955300,2377.44,2379.26,2366.87,2372.61,2491.0075,-0.00015302,0.00005000,0.5000,0.000000,1000000
1769955600,2372.60,2375.78,2367.16,2369.65,2108.3687,-0.00015302,0.00005000,0.5000,0.000000,1000000
1769955900,2369.64,2373.00,2355.84,2360.28,6010.7075,-0.00015302,0.00005000,0.5000,0.000000,1000000
1769956200,2360.27,2366.70,2342.45,2343.79,7047.0692,-0.00015302,0.00005000,0.5000,0.000000,1000000
1769956500,2343.80,2350.80,2326.96,2333.69,11249.8676,-0.00015302,0.00005000,0.5000,0.000000,1000000
1769956800,2333.68,2363.63,2332.43,2351.15,8106.3115,-0.00015302,0.00005000,0.5000,0.000000,1000000
1769957100,2351.16,2361.70,2345.44,2358.18,3900.0299,-0.00015302,0.00005000,0.5000,0.000000,1000000
1769957400,2358.18,2387.83,2357.62,2371.48,8900.5658,-0.00015302,0.00005000,0.5000,0.000000,1000000
1769957700,2371.48,2382.26,2368.08,2373.07,3345.1210,-0.00015302,0.00005000,0.5000,0.000000,1000000
1769958000,2373.07,2373.07,2354.16,2356.99,3688.0792,-0.00015302,0.00005000,0.5000,0.000000,1000000
1769958300,2356.99,2362.21,2353.76,2356.65,2064.6874,-0.00015302,0.00005000,0.5000,0.000000,1000000
1769958600,2356.64,2357.79,2334.62,2337.71,5886.5465,-0.00015302,0.00005000,0.5000,0.000000,1000000
1769958900,2337.71,2343.24,2314.05,2323.30,15765.5936,-0.00015302,0.00005000,0.5000,0.000000,1000000
1769959200,2323.31,2330.48,2315.74,2325.38,4676.3781,-0.00015302,0.00005000,0.5000,0.000000,1000000
1769959500,2325.36,2327.49,2305.82,2308.35,10405.2240,-0.00015302,0.00005000,0.5000,0.000000,1000000
1769959800,2308.34,2316.30,2294.90,2301.82,18425.9548,-0.00015302,0.00005000,0.5000,0.000000,1000000
1769960100,2301.80,2317.41,2285.40,2311.65,15851.4506,-0.00015302,0.00005000,0.5000,0.000000,1000000
1769960400,2311.65,2314.66,2299.84,2301.50,4987.3439,-0.00015302,0.00005000,0.5000,0.000000,1000000
1769960700,2301.50,2323.60,2298.15,2317.04,6127.0756,-0.00015302,0.00005000,0.5000,0.000000,1000000
1769961000,2317.03,2324.43,2313.39,2316.67,6342.5154,-0.00015302,0.00005000,0.5000,0.000000,1000000
1769961300,2316.66,2336.34,2309.46,2315.39,10264.2217,-0.00015302,0.00005000,0.5000,0.000000,1000000
1769961600,2315.47,2315.80,2296.82,2304.61,6773.5799,-0.00015302,0.00005000,0.5000,0.000000,1000000
1769961900,2304.61,2325.47,2301.29,2302.76,6878.0857,-0.00015302,0.00005000,0.5000,0.000000,1000000
1769962200,2302.76,2313.24,2293.20,2310.58,6486.3467,-0.00015302,0.00005000,0.5000,0.000000,1000000
1769962500,2310.58,2311.04,2288.20,2289.49,4988.3270,-0.00015302,0.00005000,0.5000,0.000000,1000000
1769962800,2289.50,2321.22,2284.17,2318.50,7529.5521,-0.00015302,0.00005000,0.5000,0.000000,1000000
1769963100,2318.52,2333.15,2315.25,2320.41,5557.6793,-0.00015302,0.00005000,0.5000,0.000000,1000000
1769963400,2320.40,2327.44,2316.39,2326.24,3474.6059,-0.00015302,0.00005000,0.5000,0.000000,1000000
1769963700,2326.24,2330.68,2314.48,2316.05,3700.1396,-0.00015302,0.00005000,0.5000,0.000000,1000000
1769964000,2316.06,2318.93,2299.64,2305.35,8578.0871,-0.00015302,0.00005000,0.5000,0.000000,1000000
1769964300,2305.35,2315.10,2303.54,2303.75,3270.4344,-0.00015302,0.00005000,0.5000,0.000000,1000000
1769964600,2303.76,2307.84,2296.01,2307.32,4206.3642,-0.00015302,0.00005000,0.5000,0.000000,1000000
1769964900,2307.34,2313.71,2303.72,2304.06,3833.1926,-0.00015302,0.00005000,0.5000,0.000000,1000000
1769965200,2304.07,2314.59,2302.76,2314.59,3280.4381,-0.00015302,0.00005000,0.5000,0.000000,1000000
1769965500,2314.58,2319.31,2310.84,2318.51,3941.6740,-0.00015302,0.00005000,0.5000,0.000000,1000000
1769965800,2318.51,2321.94,2312.96,2318.27,2262.6236,-0.00015302,0.00005000,0.5000,0.000000,1000000
1769966100,2318.28,2321.64,2311.96,2320.16,2243.3787,-0.00015302,0.00005000,0.5000,0.000000,1000000
1769966400,2320.16,2320.16,2297.20,2303.84,4730.0017,-0.00015302,0.00005000,0.5000,0.000000,1000000
1769966700,2303.83,2313.40,2302.70,2312.93,3573.7654,-0.00015302,0.00005000,0.5000,0.000000,1000000
1769967000,2312.92,2316.70,2301.58,2305.68,3184.0560,-0.00015302,0.00005000,0.5000,0.000000,1000000
1769967300,2305.67,2306.11,2296.92,2300.00,14523.4464,-0.00015302,0.00005000,0.5000,0.000000,1000000
1769967600,2300.00,2308.36,2299.15,2303.16,4805.0793,-0.00015302,0.00005000,0.5000,0.000000,1000000
1769967900,2303.16,2307.58,2297.94,2299.46,7725.4506,-0.00015302,0.00005000,0.5000,0.000000,1000000
1769968200,2299.46,2311.71,2297.06,2309.57,10822.1484,-0.00015302,0.00005000,0.5000,0.000000,1000000
1769968500,2309.56,2314.00,2304.37,2313.96,5295.1729,-0.00015302,0.00005000,0.5000,0.000000,1000000
1769968800,2313.96,2347.41,2313.33,2339.04,11268.4926,-0.00015302,0.00005000,0.5000,0.000000,1000000
1769969100,2339.03,2364.83,2333.36,2353.69,11105.9025,-0.00015302,0.00005000,0.5000,0.000000,1000000
1769969400,2353.68,2359.99,2347.04,2357.31,3877.1558,-0.00015302,0.00005000,0.5000,0.000000,1000000
1769969700,2357.30,2363.39,2350.35,2363.13,3319.8233,-0.00015302,0.00005000,0.5000,0.000000,1000000
1769970000,2363.12,2377.99,2351.61,2354.00,7773.2896,-0.00015302,0.00005000,0.5000,0.000000,1000000
1769970300,2354.10,2364.57,2349.38,2360.63,1727.9573,-0.00015302,0.00005000,0.5000,0.000000,1000000
1769970600,2360.63,2362.99,2355.19,2356.60,1751.3829,-0.00015302,0.00005000,0.5000,0.000000,1000000
1769970900,2356.60,2357.28,2346.07,2352.05,5861.0205,-0.00015302,0.00005000,0.5000,0.000000,1000000
1769971200,2352.05,2356.00,2342.19,2344.90,8047.1199,-0.00015302,0.00005000,0.5000,0.000000,1000000
1769971500,2344.89,2348.96,2339.48,2339.48,2737.2625,-0.00015302,0.00005000,0.5000,0.000000,1000000
1769971800,2339.47,2344.76,2336.23,2344.76,2338.2500,-0.00015302,0.00005000,0.5000,0.000000,1000000
1769972100,2344.76,2352.12,2342.27,2350.97,2676.2388,-0.00015302,0.00005000,0.5000,0.000000,1000000
1769972400,2350.96,2356.00,2338.77,2338.96,3691.3601,-0.00015302,0.00005000,0.5000,0.000000,1000000
1769972700,2338.97,2342.40,2336.71,2341.08,1884.0097,-0.00015302,0.00005000,0.5000,0.000000,1000000
1769973000,2341.07,2345.59,2339.48,2340.59,1326.8266,-0.00015302,0.00005000,0.5000,0.000000,1000000
1769973300,2340.64,2340.71,2330.59,2339.05,2425.2012,-0.00015302,0.00005000,0.5000,0.000000,1000000
1769973600,2339.06,2342.66,2334.32,2341.46,2098.3335,-0.00015302,0.00005000,0.5000,0.000000,1000000
1769973900,2341.45,2345.82,2339.00,2341.02,2391.9126,-0.00015302,0.00005000,0.5000,0.000000,1000000
1769974200,2341.02,2347.99,2339.76,2344.70,1714.4087,-0.00015302,0.00005000,0.5000,0.000000,1000000
1769974500,2344.70,2344.70,2335.17,2339.33,6007.1315,-0.00015302,0.00005000,0.5000,0.000000,1000000
1769974800,2339.32,2340.00,2335.94,2338.73,1182.2595,-0.00015302,0.00005000,0.5000,0.000000,1000000
1769975100,2338.74,2338.74,2312.75,2315.10,6817.9121,-0.00015302,0.00005000,0.5000,0.000000,1000000
1769975400,2315.09,2322.85,2314.80,2319.69,9888.5038,-0.00015302,0.00005000,0.5000,0.000000,1000000
1769975700,2319.69,2320.36,2306.29,2320.35,2879.0368,-0.00015302,0.00005000,0.5000,0.000000,1000000
1769976000,2320.35,2320.35,2311.39,2319.90,1681.3274,-0.00015302,0.00005000,0.5000,0.000000,1000000
1769976300,2319.90,2322.00,2315.34,2322.00,1788.8218,-0.00015302,0.00005000,0.5000,0.000000,1000000
1769976600,2322.00,2329.96,2316.25,2318.58,4396.8881,-0.00015302,0.00005000,0.5000,0.000000,1000000
1769976900,2318.58,2323.18,2314.41,2321.40,4890.3655,-0.00015302,0.00005000,0.5000,0.000000,1000000
1769977200,2321.40,2329.94,2320.94,2322.90,8766.4369,-0.00015302,0.00005000,0.5000,0.000000,1000000
1769977500,2322.89,2323.76,2298.56,2300.54,8332.9469,-0.00015302,0.00005000,0.5000,0.000000,1000000
1769977800,2300.55,2318.51,2300.55,2317.77,2916.1379,-0.00015302,0.00005000,0.5000,0.000000,1000000
1769978100,2317.76,2346.27,2316.59,2343.66,6245.8142,-0.00015302,0.00005000,0.5000,0.000000,1000000
1769978400,2343.66,2349.24,2332.03,2333.97,3922.1028,-0.00015302,0.00005000,0.5000,0.000000,1000000
1769978700,2333.96,2334.64,2325.20,2326.57,2129.0441,-0.00015302,0.00005000,0.5000,0.000000,1000000
1769979000,2326.58,2331.31,2313.54,2314.07,3108.4108,-0.00015302,0.00005000,0.5000,0.000000,1000000
1769979300,2314.07,2318.16,2313.44,2316.36,1423.6993,-0.00015302,0.00005000,0.5000,0.000000,1000000
1769979600,2316.35,2317.69,2306.69,2306.72,2966.7679,-0.00015302,0.00005000,0.5000,0.000000,1000000
1769979900,2306.71,2310.47,2291.86,2292.92,5942.5314,-0.00015302,0.00005000,0.5000,0.000000,1000000
1769980200,2292.93,2306.11,2292.92,2301.74,3255.8651,-0.00015302,0.00005000,0.5000,0.000000,1000000
1769980500,2301.74,2304.32,2295.08,2297.02,2225.1916,-0.00015302,0.00005000,0.5000,0.000000,1000000
1769980800,2297.02,2306.36,2295.97,2301.21,1816.6485,-0.00015302,0.00005000,0.5000,0.000000,1000000
1769981100,2301.21,2312.65,2298.28,2309.60,2483.2889,-0.00015302,0.00005000,0.5000,0.000000,1000000
1769981400,2309.61,2317.54,2302.14,2309.28,1997.8212,-0.00015302,0.00005000,0.5000,0.000000,1000000
1769981700,2309.29,2319.00,2309.29,2317.38,1113.1868,-0.00015302,0.00005000,0.5000,0.000000,1000000
1769982000,2317.38,2319.57,2308.46,2308.46,1454.6792,-0.00015302,0.00005000,0.5000,0.000000,1000000
1769982300,2308.47,2308.47,2293.15,2300.26,6864.5914,-0.00015302,0.00005000,0.5000,0.000000,1000000
1769982600,2300.26,2303.00,2293.43,2296.06,3676.6098,-0.00015302,0.00005000,0.5000,0.000000,1000000
1769982900,2296.06,2297.54,2279.16,2290.58,8508.6600,-0.00015302,0.00005000,0.5000,0.000000,1000000
1769983200,2290.59,2304.35,2287.18,2302.75,3534.5342,-0.00015302,0.00005000,0.5000,0.000000,1000000
1769983500,2302.76,2310.68,2297.93,2308.83,2784.1484,-0.00015302,0.00005000,0.5000,0.000000,1000000
1769983800,2308.83,2334.90,2307.54,2324.67,5219.0755,-0.00015302,0.00005000,0.5000,0.000000,1000000
1769984100,2324.68,2325.02,2317.46,2319.11,1818.3250,-0.00015302,0.00005000,0.5000,0.000000,1000000
1769984400,2319.11,2319.82,2293.24,2294.13,3491.6703,-0.00015302,0.00005000,0.5000,0.000000,1000000
1769984700,2294.06,2315.92,2294.06,2315.39,4696.6867,-0.00015302,0.00005000,0.5000,0.000000,1000000
1769985000,2315.39,2323.00,2313.13,2321.53,2218.8545,-0.00015302,0.00005000,0.5000,0.000000,1000000
1769985300,2321.53,2330.77,2315.18,2325.24,2136.2632,-0.00015302,0.00005000,0.5000,0.000000,1000000
1769985600,2325.23,2325.51,2319.24,2321.53,823.2181,-0.00015302,0.00005000,0.5000,0.000000,1000000
1769985900,2321.54,2326.59,2313.58,2316.17,935.1079,-0.00015302,0.00005000,0.5000,0.000000,1000000
1769986200,2316.18,2324.12,2311.00,2315.81,1659.1809,-0.00015302,0.00005000,0.5000,0.000000,1000000
1769986500,2315.80,2324.32,2313.39,2319.33,1016.6087,-0.00015302,0.00005000,0.5000,0.000000,1000000
1769986800,2319.33,2321.69,2295.00,2296.34,6412.0306,-0.00015302,0.00005000,0.5000,0.000000,1000000
1769987100,2296.35,2297.03,2229.17,2238.90,35377.3885,-0.00015302,0.00005000,0.5000,0.000000,1000000
1769987400,2238.90,2271.93,2222.00,2259.56,18990.3662,-0.00015302,0.00005000,0.5000,0.000000,1000000
1769987700,2259.57,2268.34,2240.43,2242.94,15116.3408,-0.00015302,0.00005000,0.5000,0.000000,1000000
1769988000,2243.20,2255.81,2228.38,2242.48,12882.7717,-0.00015302,0.00005000,0.5000,0.000000,1000000
1769988300,2242.47,2266.00,2242.47,2258.36,6902.6303,-0.00015302,0.00005000,0.5000,0.000000,1000000
1769988600,2258.37,2283.31,2248.44,2281.04,8202.5979,-0.00015302,0.00005000,0.5000,0.000000,1000000
1769988900,2281.04,2302.57,2278.18,2291.65,7907.1369,-0.00015302,0.00005000,0.5000,0.000000,1000000
1769989200,2291.65,2297.89,2287.88,2296.52,3427.0096,-0.00015302,0.00005000,0.5000,0.000000,1000000
1769989500,2296.52,2297.65,2276.08,2276.74,4645.7412,-0.00015302,0.00005000,0.5000,0.000000,1000000
1769989800,2276.74,2280.00,2265.67,2268.88,6696.1094,-0.00015302,0.00005000,0.5000,0.000000,1000000
1769990100,2268.88,2275.50,2266.92,2270.15,10497.7895,-0.00015302,0.00005000,0.5000,0.000000,1000000
1769990400,2270.16,2275.58,2242.33,2260.04,11474.5812,-0.00015302,0.00005000,0.5000,0.000000,1000000
1769990700,2260.03,2287.33,2258.91,2284.73,6074.0728,-0.00015302,0.00005000,0.5000,0.000000,1000000
1769991000,2284.73,2299.18,2284.64,2290.86,5096.3722,-0.00015302,0.00005000,0.5000,0.000000,1000000
1769991300,2290.86,2318.37,2288.78,2308.80,7967.8266,-0.00015302,0.00005000,0.5000,0.000000,1000000
1769991600,2308.80,2318.98,2306.30,2314.41,7595.8766,-0.00015302,0.00005000,0.5000,0.000000,1000000
1769991900,2314.41,2322.02,2307.85,2313.93,4418.0270,-0.00015302,0.00005000,0.5000,0.000000,1000000
1769992200,2313.92,2324.17,2306.81,2312.22,4057.9785,-0.00015302,0.00005000,0.5000,0.000000,1000000
1769992500,2312.22,2322.87,2310.88,2311.22,3337.5175,-0.00015302,0.00005000,0.5000,0.000000,1000000
1769992800,2311.22,2315.47,2309.52,2311.40,2242.8564,-0.00015302,0.00005000,0.5000,0.000000,1000000
1769993100,2311.40,2313.80,2299.46,2302.20,3525.2934,-0.00015302,0.00005000,0.5000,0.000000,1000000
1769993400,2302.21,2308.53,2300.06,2300.42,1429.7883,-0.00015302,0.00005000,0.5000,0.000000,1000000
1769993700,2300.41,2300.42,2287.86,2293.20,3469.5932,-0.00015302,0.00005000,0.5000,0.000000,1000000
1769994000,2293.21,2308.07,2288.55,2304.45,2635.6443,-0.00015302,0.00005000,0.5000,0.000000,1000000
1769994300,2304.44,2305.78,2279.67,2281.50,3807.7313,-0.00015302,0.00005000,0.5000,0.000000,1000000
1769994600,2281.50,2281.91,2256.30,2258.72,5630.1898,-0.00015302,0.00005000,0.5000,0.000000,1000000
1769994900,2258.72,2289.79,2250.13,2280.34,9713.6222,-0.00015302,0.00005000,0.5000,0.000000,1000000
1769995200,2280.34,2304.26,2274.69,2304.26,4813.9267,-0.00015302,0.00005000,0.5000,0.000000,1000000
1769995500,2304.25,2318.66,2301.92,2311.02,4495.0947,-0.00015302,0.00005000,0.5000,0.000000,1000000
1769995800,2311.03,2311.41,2294.32,2299.10,2520.9860,-0.00015302,0.00005000,0.5000,0.000000,1000000
1769996100,2299.11,2310.30,2297.79,2305.67,2519.5966,-0.00015302,0.00005000,0.5000,0.000000,1000000
1769996400,2305.68,2308.57,2300.87,2302.89,1281.9440,-0.00015302,0.00005000,0.5000,0.000000,1000000
1769996700,2302.89,2304.07,2287.46,2293.73,2861.9135,-0.00015302,0.00005000,0.5000,0.000000,1000000
1769997000,2293.83,2303.55,2293.27,2297.86,1354.1981,-0.00015302,0.00005000,0.5000,0.000000,1000000
1769997300,2297.88,2301.40,2290.33,2291.29,1369.4322,-0.00015302,0.00005000,0.5000,0.000000,1000000
1769997600,2291.30,2295.17,2283.93,2289.01,2069.5594,-0.00015302,0.00005000,0.5000,0.000000,1000000
1769997900,2289.01,2292.37,2280.27,2287.06,2589.3280,-0.00015302,0.00005000,0.5000,0.000000,1000000
1769998200,2287.07,2287.07,2275.73,2282.90,2339.4222,-0.00015302,0.00005000,0.5000,0.000000,1000000
1769998500,2282.90,2300.51,2280.88,2288.87,4586.1248,-0.00015302,0.00005000,0.5000,0.000000,1000000
1769998800,2288.87,2292.31,2285.22,2289.78,999.3827,-0.00015302,0.00005000,0.5000,0.000000,1000000
1769999100,2289.77,2299.29,2289.76,2294.01,2496.0384,-0.00015302,0.00005000,0.5000,0.000000,1000000
1769999400,2294.01,2299.20,2283.24,2284.23,3780.0280,-0.00015302,0.00005000,0.5000,0.000000,1000000
1769999700,2284.24,2284.37,2269.28,2281.67,4503.4801,-0.00015302,0.00005000,0.5000,0.000000,1000000
1770000000,2281.67,2287.19,2274.23,2274.94,2326.3523,-0.00015302,0.00005000,0.5000,0.000000,1000000
1770000300,2274.95,2277.79,2265.38,2277.54,4998.1013,-0.00015302,0.00005000,0.5000,0.000000,1000000
1770000600,2277.55,2278.43,2265.28,2269.41,4305.4676,-0.00015302,0.00005000,0.5000,0.000000,1000000
1770000900,2269.41,2272.21,2259.48,2262.27,4012.0950,-0.00015302,0.00005000,0.5000,0.000000,1000000
1770001200,2262.27,2267.67,2256.99,2258.50,4804.8972,-0.00015302,0.00005000,0.5000,0.000000,1000000
1770001500,2258.50,2264.50,2249.61,2260.63,4793.2508,-0.00015302,0.00005000,0.5000,0.000000,1000000
1770001800,2260.64,2261.58,2229.31,2231.68,9706.3543,-0.00015302,0.00005000,0.5000,0.000000,1000000
1770002100,2231.68,2235.47,2211.00,2218.34,14152.5341,-0.00015302,0.00005000,0.5000,0.000000,1000000
1770002400,2218.35,2221.22,2173.34,2191.16,40031.8667,-0.00015302,0.00005000,0.5000,0.000000,1000000
1770002700,2191.15,2197.13,2168.02,2173.58,14691.5414,-0.00015302,0.00005000,0.5000,0.000000,1000000
1770003000,2173.59,2202.00,2166.14,2176.91,16621.2708,-0.00015302,0.00005000,0.5000,0.000000,1000000
1770003300,2176.91,2184.92,2169.92,2172.50,7184.0570,-0.00015302,0.00005000,0.5000,0.000000,1000000
1770003600,2172.50,2187.04,2172.39,2180.20,5646.0915,-0.00015302,0.00005000,0.5000,0.000000,1000000
1770003900,2180.24,2233.99,2178.94,2229.31,18393.1018,-0.00015302,0.00005000,0.5000,0.000000,1000000
1770004200,2229.31,2240.58,2216.77,2231.38,8858.6515,-0.00015302,0.00005000,0.5000,0.000000,1000000
1770004500,2231.39,2249.05,2231.39,2239.02,10776.8531,-0.00015302,0.00005000,0.5000,0.000000,1000000
1770004800,2239.01,2240.00,2215.89,2216.16,5476.0610,-0.00015302,0.00005000,0.5000,0.000000,1000000
1770005100,2216.06,2229.11,2212.74,2229.03,4956.1991,-0.00015302,0.00005000,0.5000,0.000000,1000000
1770005400,2229.03,2231.25,2207.55,2213.68,3894.0205,-0.00015302,0.00005000,0.5000,0.000000,1000000
1770005700,2213.67,2236.63,2212.12,2234.49,3996.1425,-0.00015302,0.00005000,0.5000,0.000000,1000000
1770006000,2234.50,2252.45,2229.31,2250.22,4997.2015,-0.00015302,0.00005000,0.5000,0.000000,1000000
1770006300,2250.23,2268.00,2250.23,2263.16,4676.0855,-0.00015302,0.00005000,0.5000,0.000000,1000000
1770006600,2263.15,2265.78,2253.21,2259.70,2252.2280,-0.00015302,0.00005000,0.5000,0.000000,1000000
1770006900,2259.70,2263.49,2255.00,2258.06,2191.5849,-0.00015302,0.00005000,0.5000,0.000000,1000000
1770007200,2258.06,2262.40,2254.66,2255.32,2417.6709,-0.00015302,0.00005000,0.5000,0.000000,1000000
1770007500,2255.32,2255.87,2248.06,2248.14,2383.8286,-0.00015302,0.00005000,0.5000,0.000000,1000000
1770007800,2248.15,2257.40,2245.19,2246.13,1768.1520,-0.00015302,0.00005000,0.5000,0.000000,1000000
1770008100,2246.12,2247.63,2240.27,2240.54,2144.8499,-0.00015302,0.00005000,0.5000,0.000000,1000000
1770008400,2240.54,2243.11,2231.39,2237.55,2360.9164,-0.00015302,0.00005000,0.5000,0.000000,1000000
1770008700,2237.54,2237.54,2215.62,2221.60,6166.7185,-0.00015302,0.00005000,0.5000,0.000000,1000000
1770009000,2221.60,2223.57,2214.33,2218.66,3493.7184,-0.00015302,0.00005000,0.5000,0.000000,1000000
1770009300,2218.66,2219.71,2201.07,2214.84,6552.3362,-0.00015302,0.00005000,0.5000,0.000000,1000000
1770009600,2214.79,2216.22,2205.57,2210.78,2911.2885,-0.00015302,0.00005000,0.5000,0.000000,1000000
1770009900,2210.77,2214.43,2185.25,2194.73,8802.9230,-0.00015302,0.00005000,0.5000,0.000000,1000000
1770010200,2194.73,2208.33,2190.02,2197.84,5043.4571,-0.00015302,0.00005000,0.5000,0.000000,1000000
1770010500,2197.85,2202.24,2184.95,2197.73,4901.7840,-0.00015302,0.00005000,0.5000,0.000000,1000000
1770010800,2197.74,2208.27,2196.01,2200.58,5523.6689,-0.00015302,0.00005000,0.5000,0.000000,1000000
1770011100,2200.57,2204.83,2189.09,2196.61,4801.7262,-0.00015302,0.00005000,0.5000,0.000000,1000000
1770011400,2196.61,2213.87,2189.11,2195.99,7767.5818,-0.00015302,0.00005000,0.5000,0.000000,1000000
1770011700,2196.00,2203.02,2192.43,2198.02,2821.2436,-0.00015302,0.00005000,0.5000,0.000000,1000000
1770012000,2198.02,2201.98,2177.05,2193.95,15271.6913,-0.00015302,0.00005000,0.5000,0.000000,1000000
1770012300,2193.94,2198.40,2187.37,2197.14,15512.5947,-0.00015302,0.00005000,0.5000,0.000000,1000000
1770012600,2197.14,2198.87,2187.78,2194.11,8028.4501,-0.00015302,0.00005000,0.5000,0.000000,1000000
1770012900,2194.10,2215.23,2190.75,2212.27,8375.6483,-0.00015302,0.00005000,0.5000,0.000000,1000000
1770013200,2212.28,2215.21,2203.70,2204.44,4638.4604,-0.00015302,0.00005000,0.5000,0.000000,1000000
1770013500,2204.44,2204.44,2189.65,2198.02,4385.8276,-0.00015302,0.00005000,0.5000,0.000000,1000000
1770013800,2198.02,2204.04,2180.98,2182.83,8235.2912,-0.00015302,0.00005000,0.5000,0.000000,1000000
1770014100,2182.82,2183.18,2157.14,2167.54,36918.0304,-0.00015302,0.00005000,0.5000,0.000000,1000000
1770014400,2167.55,2240.50,2167.55,2220.93,22046.3210,-0.00015302,0.00005000,0.5000,0.000000,1000000
1770014700,2220.93,2236.24,2209.09,2211.47,9043.8293,-0.00015302,0.00005000,0.5000,0.000000,1000000
1770015000,2211.47,2224.09,2206.90,2221.97,3874.7496,-0.00015302,0.00005000,0.5000,0.000000,1000000
1770015300,2221.96,2234.83,2217.00,2227.44,5250.7803,-0.00015302,0.00005000,0.5000,0.000000,1000000
1770015600,2227.43,2232.67,2220.48,2231.61,4455.0077,-0.00015302,0.00005000,0.5000,0.000000,1000000
1770015900,2231.62,2232.00,2223.97,2224.20,1027.4355,-0.00015302,0.00005000,0.5000,0.000000,1000000
